genres,popularity
basshall,80.66666666666666
turkish edm,80.0
south african house,80.0
trap venezolano,80.0
alberta hip hop,78.5
chinese electropop,78.5
afroswing,77.3125
afro soul,77.0
russian dance,77.0
guaracha,77.0
indie triste,77.0
circuit,77.0
uk diy punk,77.0
pagode baiano,76.66666666666667
ritmo kombina,76.33333333333333
trap triste,76.08333333333334
norwegian pop rap,76.0
urbano espanol,75.25
musica canaria,75.16666666666667
argentine hip hop,74.97916666666667
rhode island rap,74.36363636363636
guatemalan pop,74.0
trap chileno,74.0
rock chapin,74.0
deep dance pop,73.5
chinese hip hop,73.0
chinese idol pop,73.0
korean mask singer,73.0
funk pop,72.8888888888889
birmingham grime,72.66666666666666
south african pop dance,72.5
trap argentino,72.2777777777778
japanese indie rock,72.0
hong kong hip hop,72.0
reggaeton mexicano,72.0
dutch hip hop,71.5
modern indie pop,71.31770833333333
london rap,71.25
funk das antigas,71.0
german pop rock,70.4
r&b en espanol,70.26190476190476
gqom,70.2
dong-yo,70.0
swedish dancehall,70.0
kentucky hip hop,69.80293843283582
musical advocacy,69.75
german dance,69.43666666666667
indonesian r&b,69.33333333333333
irish indie,69.0
deep flow,69.0
lo-fi house,69.0
funk paulista,69.0
channel islands indie,68.5
swedish indie folk,68.48148148148148
venezuelan hip hop,67.88304093567253
uk funky,67.67171717171719
scandipop,67.49893162393164
pop nacional,67.47916666666667
dutch rap pop,67.26666666666667
instrumental grime,67.26666666666667
modern alternative pop,67.1025641025641
indonesian hip hop,67.0909090909091
uk house,67.0
zimdancehall,67.0
cambridgeshire indie,67.0
lo-fi cover,67.0
experimental house,67.0
jordanian pop,67.0
german underground rap,67.0
irish hip hop,66.8
spanish hip hop,66.66666666666667
scandinavian r&b,66.66666666666667
pakistani hip hop,66.66666666666667
alte,66.0
wave,66.0
nordic house,65.93333333333332
buffalo hip hop,65.75
viral rap,65.67477567582057
shush,65.66666666666667
newcastle nsw indie,65.5
belarusian indie,65.5
sovietwave,65.5
spanish indie pop,65.4
german house,65.33333333333333
brooklyn drill,65.26069347319347
uk dance,65.09895631188733
bedroom pop,65.02013746890697
j-dance,65.0
spanish modern rock,65.0
spanish noise pop,65.0
swedish eurodance,65.0
concepcion indie,65.0
musica afroperuana,65.0
k-pop girl group,64.87079304029302
arkansas hip hop,64.83333333333333
white noise,64.79938271604938
viral trap,64.71428571428572
lo-fi chill,64.47568922305766
norwegian indie,64.41690408357076
south african pop,64.35714285714286
electronica argentina,64.33333333333333
indie rockism,64.3
boston indie,64.22999999999999
sad rap,64.05031639082733
indie rock mexicano,64.0
gujarati pop,64.0
tamaulipas rap,64.0
colombian pop,63.73855681074242
south african hip hop,63.66666666666667
rap dominicano,63.6326530612245
k-pop,63.556654131282464
punk rock mexicano,63.4
emo mexicano,63.4
swedish soul,63.33333333333334
cumbia pop,63.33333333333334
corridos tumbados,63.2360710855315
mexican pop punk,63.2
orlando indie,63.14285714285714
nz pop,63.133853151397005
meme rap,63.10920205920207
trap latino,63.06214302605
australian alternative pop,63.04347826086956
tamaulipas indie,63.0
derby indie,63.0
swedish tropical house,63.0
latincore,63.0
asmr,63.0
uk pop,62.91493941050029
baltimore hip hop,62.83333333333334
edmonton indie,62.81159420289856
pop argentino,62.75
rochester mn indie,62.5
deep pop edm,62.5
glitchcore,62.48456790123456
destroy techno,62.47727272727272
dmv rap,62.42988641438132
manchester hip hop,62.33333333333334
australian r&b,62.25
norwegian pop,62.232575757575766
pinoy indie,62.16666666666666
oc rap,62.11111111111112
dembow,62.10714285714286
classical accordion,62.0
acid trance,62.0
norwegian hip hop,62.0
italian contemporary jazz,62.0
uk hip hop,61.91776556776558
veracruz indie,61.85714285714285
asian american hip hop,61.84761904761905
shimmer psych,61.8
background music,61.71527777777778
indie cafe pop,61.645317889205714
rebel blues,61.54933333333334
traprun,61.51666666666666
scam rap,61.5
tropical house,61.45164257929336
francoton,61.40634920634921
reggaeton flow,61.38068295494008
mindfulness,61.375
swedish electronic,61.33333333333334
swedish house,61.33333333333334
oakland indie,61.21666666666667
emo rap,61.14565929487325
vapor trap,61.005850379953536
experimental folk,61.0
j-division,61.0
slavic folk metal,61.0
korean trap,61.0
hamburg electronic,61.0
canadian house,61.0
virgin islands reggae,61.0
rock gaucho,61.0
guam indie,61.0
j-acoustic,61.0
australian indie rock,61.0
pop rock brasileiro,61.0
perth indie,61.0
social media pop,60.8207545241012
pop,60.74590869085365
irish pop,60.685
nz reggae,60.66666666666666
witch house,60.64444444444445
melodic rap,60.61712432647079
peruvian hip hop,60.5
electro-pop francais,60.5
trap mexicano,60.5
indian folk,60.5
brisbane indie,60.5
neo-singer-songwriter,60.41666666666666
spa,60.4
j-pixie,60.4
sierreno,60.39046831562891
bergen indie,60.35185185185186
nyc rap,60.3475474987975
scottish singer-songwriter,60.344444444444434
trap queen,60.334499755810825
rock brasiliense,60.33333333333334
finnish alternative rock,60.33333333333334
vgm remix,60.33333333333334
reggaeton,60.30828412762394
pop soul,60.30357142857143
argentine reggae,60.27777777777778
italo dance,60.27777777777778
charlotte nc indie,60.25
japanese alternative rock,60.25
kawaii metal,60.25
electronic djent,60.25
alt-idol,60.25
indie psych-pop,60.22222222222222
uk dancehall,60.17142857142856
uk contemporary r&b,60.15998217468806
aussietronica,60.096153846153854
cumbia santafesina,60.0
icelandic electronic,60.0
birmingham hip hop,60.0
san antonio rap,60.0
canadian modern jazz,60.0
tulsa indie,60.0
lo-fi vgm,60.0
melodic power metal,60.0
j-rock,59.99938725490196
reggaeton colombiano,59.91396848637414
idol rock,59.875
viral pop,59.81194581506092
water,59.77380952380952
german trance,59.75
saskatchewan indie,59.718954248366025
taiwan classical performance,59.66666666666666
danish pop,59.650793650793645
san diego indie,59.64814814814815
japanese electropop,59.625
electro latino,59.55921978759
australian talent show,59.5
pop folk,59.45384615384616
chicago drill,59.376066252588
bass trap,59.36053113553113
spanish folk metal,59.28571428571429
australian reggae fusion,59.26000000000001
lullaby,59.14847494553378
future house,59.1
montreal indie,59.08333333333334
anime rock,59.07222222222222
la pop,59.06001221001221
environmental,59.05950725744842
dark trap,59.02043265848664
marathi pop,59.0
brain waves,59.0
musica paraibana,59.0
argentine telepop,59.0
pianissimo,59.0
binaural,59.0
west virginia indie,59.0
vermont indie,59.0
nyc pop,58.993434343434345
k-pop boy group,58.94349567784104
abstract beats,58.93333333333332
gaming edm,58.91857993197278
cincinnati rap,58.83333333333334
lo-fi beats,58.8258451472192
vapor soul,58.78218525189328
sound,58.759615384615394
cumbia villera,58.75
pop dance,58.691473544350345
indie anthem-folk,58.5424066924067
french indietronica,58.5
polynesian hip hop,58.5
swedish country,58.5
drill,58.48919214843128
alternative r&b,58.48419410253855
indie electropop,58.44943181818182
estonian pop,58.42857142857143
australian hip hop,58.420110192837456
charlottesville indie,58.4
bubble trance,58.4
chill beats,58.33333333333334
spanish synthpop,58.33333333333334
nashville americana,58.25
korean r&b,58.240598290598285
trap soul,58.23701466781711
vapor twitch,58.21584046035265
nashville indie,58.20833333333333
canadian latin,58.193548387096776
grime,58.18919413919414
icelandic classical,58.125
australian trap,58.11111111111111
australian house,58.07142857142857
singaporean singer-songwriter,58.037037037037045
florida rap,58.023632799948594
bath indie,58.0
nightcore,58.0
iowa hip hop,58.0
chinese jazz,58.0
zouglou,58.0
gaming dubstep,58.0
australian ambient,58.0
vapor pop,57.99555555555556
ska argentino,57.94244350282485
chillhop,57.939013313425406
lgbtq+ hip hop,57.93173631652631
teen pop,57.89251207729468
otacore,57.88433018309664
indie r&b,57.85978174603174
rap conciencia,57.830847953216384
leicester indie,57.8
future bass,57.77451159951161
new french touch,57.75972222222222
electropop,57.75070925558136
indie poptimism,57.73622075722943
electra,57.7
dutch pop,57.66767676767677
chihuahua indie,57.66666666666666
popwave,57.65000000000001
post-teen pop,57.61245575938453
south african alternative,57.58333333333334
australian pop,57.52646006133182
kentucky indie,57.52112676056338
cumbia paraguaya,57.5
country pop,57.42765665954436
pop edm,57.42577360910694
j-poprock,57.40855654761905
boston folk,57.375
talent show,57.36375340290795
perreo,57.359123205823344
melbourne bounce,57.35185185185186
chamber folk,57.33333333333334
k-rap,57.33264550264551
anime latino,57.3
vallenato moderno,57.29166666666666
rap latina,57.22212153386066
russian post-punk,57.18253968253968
nuevo regional mexicano,57.17070206691782
classic belgian pop,57.16666666666667
indiana hip hop,57.16666666666667
celtic metal,57.14285714285714
mexican pop,57.12792212313831
spanish pop,57.10270050676856
midwest americana,57.08333333333334
indie soul,57.06879854975144
stomp and flutter,57.06730769230769
belarusian rock,57.0
west australian hip hop,57.0
melbourne indie,57.0
caucasian classical piano,57.0
pinoy pop punk,57.0
danish hip hop,57.0
russian edm,57.0
new orleans indie,57.0
french indie folk,57.0
newcastle indie,57.0
sydney indie,57.0
belarusian pop,57.0
electro house,56.97599062912178
escape room,56.83354483076312
funk mexicano,56.83333333333334
rochester ny indie,56.83333333333334
south african rock,56.76881720430108
huapango,56.75
rap conscient,56.7375
uk metalcore,56.712715273856574
canadian electropop,56.70370370370371
experimental hip hop,56.69279100529101
toronto rap,56.666765399338246
j-idol,56.66666666666666
australian underground hip hop,56.66666666666666
post-punk argentina,56.62853107344633
bedroom soul,56.5693722943723
scream rap,56.55
pittsburgh indie,56.51785714285714
miami indie,56.5
folklore peruano,56.5
japanese post-hardcore,56.5
vegas indie,56.48518518518519
australian indie folk,56.38888888888889
australian garage punk,56.375
singaporean pop,56.36324786324786
future garage,56.36111111111112
deep underground hip hop,56.35477941176471
rock independant francais,56.35185185185186
alaska indie,56.33333333333334
norwegian singer-songwriter,56.33333333333334
atl trap,56.33085113742048
j-pop,56.30558333333335
underground hip hop,56.28047962655173
moombahton,56.27900219298246
latin arena pop,56.25479712850348
pinoy rock,56.2183908045977
swedish pop,56.16826189556137
minecraft,56.14054054054054
folk-pop,56.12680488264273
auckland indie,56.125
japanese metalcore,56.11111111111111
pinoy reggae,56.03333333333333
swedish metalcore,56.0
glitch pop,56.0
mainland chinese pop,56.0
variete francaise,56.0
classic indo pop,56.0
punjabi hip hop,56.0
dangdut,56.0
indonesian indie,56.0
modern psychedelic folk,56.0
cali rap,55.98717481717945
st louis rap,55.985465116279066
anime,55.960329647829646
modern alternative rock,55.95066850186213
pop r&b,55.92269471396479
future funk,55.89285714285714
pittsburgh rap,55.826116071428565
australian psych,55.7836231884058
north carolina hip hop,55.7734375910707
pony,55.76666666666667
french psychedelic,55.75
swedish electropop,55.73964369823504
dutch edm,55.71428571428572
hyperpop,55.71428571428571
popgaze,55.7
mexican indie,55.68359788359788
dance pop,55.66833967878674
dakke dak,55.66666666666666
aggrotech,55.66666666666666
icelandic rock,55.65570175438596
medieval rock,55.64285714285714
argentine rock,55.63371341720182
milwaukee indie,55.625
darksynth,55.625
indie pop rap,55.59766411871676
axe,55.5925925925926
latin,55.58557414317702
pop electronico,55.58333333333333
rock en espanol,55.58320883323079
latin viral pop,55.56642512077293
indie game soundtrack,55.564102564102576
chillstep,55.52680652680654
bubblegum dance,55.501322751322746
taiwan indie,55.5
kent indie,55.5
solipsynthm,55.5
indian indie,55.46666666666667
german pop,55.4515037593985
swedish americana,55.4375
focus,55.41005291005291
austropop,55.4
mexican rock,55.39644959781992
gauze pop,55.38362068965517
new york drill,55.37613636363636
sleep,55.37266152111105
modern uplift,55.36363636363637
nightrun,55.36
complextro,55.34386217948718
bassline,55.34
latin talent show,55.338983050847474
rap underground mexicano,55.29411764705882
big room,55.29374169617834
canadian hip hop,55.28054652841546
latin alternative,55.27008957238216
morna,55.25
denpa-kei,55.25
cape verdean folk,55.25
british indie rock,55.24147727272727
chicago rap,55.16660927324225
small room,55.0530303030303
progressive alternative,55.0
danspunk,55.0
uk garage,55.0
australian metal,55.0
musique peule,55.0
slovenian electronic,55.0
indonesian pop,55.0
cymraeg,55.0
indie pop,54.99434737712254
detroit trap,54.98838383838383
french synthpop,54.98266666666667
ottawa rap,54.97679738562092
dutch house,54.96196660482375
pop rap,54.958215542089405
ambient worship,54.90972222222222
barbadian pop,54.90931899641576
glee club,54.904
kawaii future bass,54.856575963718825
argentine ambient,54.83333333333334
brostep,54.82718464932751
guadalajara indie,54.8
reggae en espanol,54.7936867054514
icelandic indie,54.77894736842105
latin rock,54.7700743544495
norwegian rock,54.75
detroit hip hop,54.73912025485344
ska mexicano,54.73808169285415
digital hardcore,54.735294117647065
edm,54.73359239267101
contemporary country,54.700477103375576
chinese r&b,54.66666666666666
japanese jazztronica,54.66666666666666
hangpan,54.66666666666666
stomp pop,54.65686274509804
belgian pop,54.6
latin pop,54.594955399554976
hands up,54.58333333333334
funk carioca,54.52777777777778
chicago pop punk,54.5
chinese classical piano,54.5
north carolina emo,54.5
kc indie,54.5
piano cover,54.47692307692307
hawaiian hip hop,54.47222222222221
israeli pop,54.45238095238096
electronic trap,54.44566013696448
calming instrumental,54.43492063492064
texas pop punk,54.41630591630592
german techno,54.41238095238095
rock cristiano,54.39749053030302
mexican hip hop,54.38395552160257
slc indie,54.35555555555555
antiviral pop,54.3221361971362
british soul,54.32129838481157
danish electronic,54.30952380952379
indiecoustica,54.2875824751041
slow game,54.22222222222222
trap,54.195577296558106
nu disco,54.09090909090908
louisville indie,54.08333333333334
alternative pop rock,54.08095238095239
la indie,54.0620268559811
japanese emo,54.05208333333334
phonk,54.03204365079366
dubstep,54.01805555555556
liedermacher,54.0
norwegian choir,54.0
circus,54.0
indie deutschrap,54.0
lldm,54.0
yoik,54.0
yoga,54.0
nantes indie,54.0
minimal tech house,54.0
deep indie singer-songwriter,54.0
victoria bc indie,54.0
university choir,54.0
ambient idm,54.0
cumbia chilena,54.0
oxford choir,54.0
cuarteto,54.0
musica de fondo,54.0
british singer-songwriter,53.97857142857143
military rap,53.96111111111111
puerto rican pop,53.95829756213109
future rock,53.95238095238096
modern dream pop,53.94883040935673
french indie pop,53.94444444444444
folk metal,53.91666666666666
miami metal,53.8
corrido,53.75776116612487
eurodance,53.75074565983353
minnesota hip hop,53.7161680911681
nu-metalcore,53.7037037037037
country rap,53.68186367949252
quebec indie,53.67028985507246
bouncy house,53.66666666666667
singaporean mandopop,53.636752136752136
ska chileno,53.6
chilean hardcore,53.6
russian pop,53.6
gainesville indie,53.58333333333333
australian indie,53.57843137254901
ann arbor indie,53.57230769230769
pop venezolano,53.520408163265294
brazilian hip hop,53.5
italian power metal,53.5
beatboxing,53.5
deep latin christian,53.5
deathstep,53.5
latinx alternative,53.5
oc indie,53.44285714285714
seattle hip hop,53.405045292971
modern rock,53.40301013751398
lo-fi indie,53.40112977602107
australian dance,53.37918618938036
dutch prog,53.33333333333334
classic bhangra,53.33333333333334
latintronica,53.25
musica alagoana,53.23076923076921
alabama rap,53.22484522645813
egyptian pop,53.22222222222222
japanese chillhop,53.20567375886525
christian pop,53.19467796092796
canadian pop,53.17232409467842
kansas city hip hop,53.158270487682245
acoustic pop,53.11550474564842
mississippi hip hop,53.115384615384606
flint hip hop,53.11190476190475
pixie,53.046328429372565
anthem worship,53.03484529461593
okinawan pop,53.0
pei indie,53.0
danish electropop,53.0
shaabi,53.0
musica costarricense,53.0
deep melodic metalcore,53.0
utah indie,53.0
british children's music,53.0
mathcore,53.0
canadian electronic,52.980769230769226
lds youth,52.96250000000001
neo mellow,52.95388011792162
metropopolis,52.93715420360368
dfw rap,52.91072481215493
visual kei,52.90277777777778
shimmer pop,52.90101674641149
latin funk,52.9
cantautor,52.856543169240176
indie dream pop,52.83333333333334
swiss pop,52.83333333333333
south carolina hip hop,52.81361323155216
miami hip hop,52.80629432283871
etherpop,52.78815822155986
jazz boom bap,52.74423076923078
russian alternative rock,52.66666666666667
romanian pop,52.66666666666666
cubaton,52.66666666666666
malaysian pop,52.625
argentine heavy metal,52.625
swedish synthpop,52.61426767676768
virginia hip hop,52.56693630924264
chill r&b,52.53998357963875
northern irish indie,52.53333333333333
gymcore,52.51763668430335
432hz,52.5
canadian indie folk,52.5
chinese classical performance,52.5
lafayette indie,52.5
swedish post-hardcore,52.5
swedish hardcore,52.5
ohio hip hop,52.48579498031425
neo-psychedelic,52.48424744287653
black punk,52.477777777777774
pop peruano,52.46666666666667
latin hip hop,52.46653917366945
zhongguo feng,52.46039603960397
viking folk,52.444444444444464
nordic folk,52.44444444444446
eurovision,52.44444444444444
rap,52.39789246880102
canadian contemporary country,52.36187363834423
canadian folk,52.33333333333333
canadian pop punk,52.33118279569893
nashville hip hop,52.30962180200223
opm,52.29598375054896
post-screamo,52.29124149659864
atlanta indie,52.28
baltimore indie,52.265277777777776
rock nacional,52.24971264367817
fidget house,52.2
europop,52.19089770908872
indie folk,52.139197364063776
progressive electro house,52.12620064620064
trancecore,52.11690821256039
disco house,52.1072755294814
folk rock italiano,52.09
spanish classical piano,52.08333333333334
indie garage rock,52.07624283288001
canadian americana,52.06470588235293
indietronica,52.04924480397951
rap cristiano,52.03846153846154
regional mexican,52.01501166350276
devon indie,52.0
orebro indie,52.0
swedish idol pop,52.0
spiritual hip hop,52.0
gothic alternative,52.0
polish modern jazz,52.0
stomp and whittle,52.0
calgary indie,52.0
purple sound,52.0
nova musica pernambucana,52.0
german country,52.0
breton folk,52.0
kabyle,52.0
scottish jazz,52.0
french contemporary classical,52.0
latin ska,52.0
york indie,52.0
canadian indigenous hip hop,52.0
scottish hip hop,52.0
fluxwork,52.0
synthwave,52.0
jazz pop,51.990660511283465
atl hip hop,51.9581621254174
latin afrobeat,51.954444444444455
mandopop,51.9131662349903
hopebeat,51.90919737022325
brooklyn indie,51.89803469477385
tennessee hip hop,51.8973490132126
modern folk rock,51.88553395061729
christian hip hop,51.88074074074074
spanish new wave,51.87843137254902
nottingham indie,51.8
bc underground hip hop,51.78
icelandic folk,51.75
schlager,51.75
indy indie,51.75
cumbia andina mexicana,51.74
deep euro house,51.73333333333333
neo-synthpop,51.71475052521008
stomp and holler,51.70627025026877
vocal house,51.67307222691837
italian indie pop,51.66666666666666
vocaloid,51.66666666666666
belgian dance,51.66666666666666
finnish death metal,51.66666666666666
indie surf,51.65415444770283
chillwave,51.63007204385536
tribal house,51.62527472527473
pop flamenco,51.625
wonky,51.62271062271062
middle earth,51.57742391546989
san diego rap,51.55833333333332
bubblegrunge,51.53864203429421
atmosphere,51.53571428571429
vaporwave,51.50396825396826
j-punk,51.5
hauntology,51.5
jacksonville indie,51.5
nerdcore,51.5
detroit house,51.5
boy pop,51.5
new tribe,51.5
alberta country,51.49047619047619
modern country rock,51.486537301229
filter house,51.45490196078431
nz singer-songwriter,51.4
neo-classical,51.3761236312707
redneck,51.361968250121954
trova mexicana,51.33333333333334
deep tropical house,51.3
electro jazz,51.25
melodic groove metal,51.24242424242424
kaneka,51.235294117647065
rock urbano mexicano,51.20025373931625
industrial hip hop,51.17857142857143
spanish pop rock,51.169849215177344
new rave,51.16385273321308
pop reggaeton,51.1488603988604
world meditation,51.14285714285714
bass house,51.13888888888889
anthem emo,51.12964669738862
nordic soundtrack,51.125
albuquerque indie,51.11111111111112
acoustic rock,51.10978835978836
argentine indie,51.1
seattle indie,51.09973233737938
alternative dance,51.05249879643903
nashville singer-songwriter,51.005519480519474
lo-fi brasileiro,51.0
psybass,51.0
deep r&b,51.0
focus beats,51.0
fort worth indie,51.0
korean indie rock,51.0
boom bap brasileiro,51.0
italian classical guitar,51.0
rap nacional antigo,51.0
swedish underground rap,51.0
gothenburg indie,50.99652777777778
chamber pop,50.99522842113672
epicore,50.99307091257555
gothenburg metal,50.99090909090909
boston hip hop,50.98282828282829
naija worship,50.95833333333334
ecuadorian pop,50.95436507936508
austindie,50.94871794871796
nigerian pop,50.947601010101
electropowerpop,50.90536568694464
chilena,50.9010989010989
french shoegaze,50.87000000000001
chilean rock,50.839824561403525
christian hard rock,50.83333333333334
venezuelan indie,50.8
gothic symphonic metal,50.775673400673405
baltic classical,50.75
bitpop,50.735294117647065
progressive metalcore,50.72727272727273
glitch,50.71589688506981
girl group,50.68277135607089
banda,50.6746208400031
austin americana,50.65625
christian indie,50.62837075238181
tropical,50.6101909888024
technical groove metal,50.6
irish singer-songwriter,50.59378787878788
uk alternative hip hop,50.58791208791208
australian electropop,50.58788515406161
pop rock,50.58087780359606
video game music,50.546237905300295
anime score,50.53980281174044
livetronica,50.52639241100781
rock nacional brasileiro,50.50714285714286
portland metal,50.5
norwegian punk rock,50.5
southern hip hop,50.47883692226335
house,50.47767894667105
kirtan,50.45416666666666
folktronica,50.43333333333332
nu skool breaks,50.42424242424243
cedm,50.42307692307693
rap kreyol,50.40909090909091
italian gothic,50.4
italian metal,50.4
italian gothic metal,50.4
malaysian mandopop,50.375
wrestling,50.34453427517578
boy band,50.31458173562786
japanese soundtrack,50.28300189393939
new americana,50.28294393690107
mashup,50.257142857142846
belgian edm,50.25
bmore,50.24661654135339
italo house,50.23076923076921
bahamian pop,50.22222222222222
desert blues,50.20833333333334
ccm,50.205672449200144
chicago indie,50.20268979386626
bass music,50.1875
duluth indie,50.16666666666667
argentine punk,50.16666666666666
swedish indie pop,50.14082788671024
relaxative,50.11111111111112
canadian ccm,50.10479375696767
dancehall,50.10143666098211
art pop,50.09396319551784
neon pop punk,50.09298948473323
australian singer-songwriter,50.08333333333334
japanese power metal,50.08333333333333
cumbia sonidera,50.07733372539522
deep big room,50.04416386083054
russian ccm,50.04
psychedelic hip hop,50.00491060077732
melodic dubstep,50.00204678362573
psychill,50.0
arkansas indie,50.0
sudanese pop,50.0
oshare kei,50.0
instrumental math rock,50.0
string orchestra,50.0
jamtronica,50.0
funky breaks,50.0
jump up,50.0
blues latinoamericano,50.0
christian dance,50.0
bajki,50.0
brazilian punk,50.0
vienna indie,50.0
baroque singing,50.0
cape town indie,50.0
japanese indie folk,50.0
reggaeton cristiano,50.0
french dnb,50.0
polish post-rock,50.0
asbury park indie,50.0
deep new americana,49.96240184283664
vallenato,49.908426301555096
electronica,49.87995006034328
italian baroque ensemble,49.875
sheffield indie,49.84189814814815
pinoy praise,49.83333333333333
alternative americana,49.82291666666666
uk alternative pop,49.7998556998557
k-indie,49.78333333333333
latin worship,49.76013204471914
scottish electronic,49.756410256410255
austrian pop,49.75
ambeat,49.7014652014652
musica aragonesa,49.69565217391305
nursery,49.675824175824175
pop emo,49.64834891108199
filthstep,49.64814814814815
j-metal,49.62037037037036
wisconsin indie,49.6
candy pop,49.59883442265796
nu jazz,49.59403439358426
dark clubbing,49.5875420875421
rap metal,49.5849672038829
ninja,49.579519769329394
new england emo,49.56190476190476
brazilian rock,49.551388888888894
world worship,49.5216557275511
speed garage,49.5079365079365
dutch dnb,49.5
alabama metal,49.5
belgian indie,49.5
post-grunge,49.49934559165091
trap dominicano,49.47619047619048
downtempo,49.47461532637517
chinese audiophile,49.42857142857143
qawwali,49.41666666666667
welsh rock,49.41666666666667
r&b,49.41606967293416
korean pop,49.39147286821706
norteno,49.36530079780242
soul flow,49.36363636363637
welsh metal,49.35714285714286
canadian contemporary r&b,49.324184484153655
modern reggae,49.31428682242309
indie hip hop,49.3
philly indie,49.29328796736086
pop punk,49.28804322782338
rave,49.27125950972106
ghanaian hip hop,49.26666666666666
wyoming indie,49.25
desi hip hop,49.25
taiwan singer-songwriter,49.21666666666666
deep ccm,49.20986026594545
german alternative rock,49.2
country road,49.196370582739455
nouvelle chanson francaise,49.18421052631579
south dakota indie,49.16666666666667
swedish garage rock,49.16666666666666
idol,49.12619047619047
deep regional mexican,49.10650510436697
symphonic metal,49.10188246097336
french pop,49.09435677591017
modern jazz piano,49.07936507936508
salsa choke,49.073198198198206
pagode,49.02753086419752
classic tunisian pop,49.0
arizona punk,49.0
ukrainian choir,49.0
classic french pop,49.0
neotango,49.0
korean classical piano,49.0
baroque woodwind,49.0
argentine metal,49.0
bristol electronic,49.0
israeli hip hop,49.0
eugene indie,49.0
tunisian pop,49.0
partido alto,49.0
nz hardcore,49.0
malmo indie,49.0
college a cappella,49.0
nz punk,49.0
chattanooga indie,49.0
japanese rockabilly,49.0
north east england indie,49.0
chilean indie,48.988888888888894
hip hop,48.97433067109839
nuevo flamenco,48.96428571428572
lo-fi emo,48.9439393939394
shamanic,48.94019607843137
oxford indie,48.8775925925926
hungarian choir,48.875
new jersey rap,48.87155334913957
indie rock,48.847724569136496
modern blues rock,48.82319532319532
finnish metal,48.80808080808082
hurdy-gurdy,48.8
swedish singer-songwriter,48.79861111111111
north carolina roots,48.796918767507
christmas instrumental,48.77207449618776
belgian rock,48.75
gothic black metal,48.75
spanish rock,48.74606751502297
background piano,48.74166666666667
bay area indie,48.73611111111112
modern salsa,48.72333611807296
shiver pop,48.72210953346856
diva house,48.72153172498001
chicha,48.71580022541562
classic dubstep,48.69642857142857
canzone d'autore,48.67435897435898
slayer,48.67083333333333
italian pop rock,48.66666666666666
indian edm,48.66666666666666
gothic americana,48.66666666666666
hokkien pop,48.65
electronic rock,48.64462371519228
malian blues,48.63888888888889
substep,48.59090909090909
deep talent show,48.54890442890443
glitch hop,48.50844418739155
channel pop,48.50378787878788
stl indie,48.5
russian punk,48.5
rennes indie,48.5
swedish synth,48.5
wind ensemble,48.5
instrumental stoner rock,48.5
jazztronica,48.47859231411864
nu metal,48.41905853677447
rap rock,48.41014366201742
new england americana,48.38888888888889
symphonic black metal,48.38888888888889
baton rouge rap,48.37754726974474
british alternative rock,48.33333333333334
afro house,48.33333333333334
trip hop,48.3229603750669
christian rock,48.3118116172561
chakra,48.28571428571429
dream trance,48.28571428571429
eurobeat,48.28205128205128
pop chileno,48.25
latin house,48.25
french rock,48.238134246417005
spanish metal,48.17857142857142
grand rapids indie,48.16666666666666
space ambient,48.16666666666666
chinese indie,48.15897435897436
bachata,48.15279326049078
eau claire indie,48.14958540630183
progressive groove metal,48.11545454545454
britpop,48.10575796107917
nova mpb,48.10502344877344
north carolina indie,48.08235294117648
taiwan pop,48.08078474514118
liquid funk,48.075
collage pop,48.02083333333334
hip house,48.01338352884406
irish dance,48.0
8-bit,48.0
charango,48.0
atlanta punk,48.0
lexington ky indie,48.0
native american hip hop,48.0
hungarian contemporary classical,48.0
nz folk,48.0
huayno,48.0
maine hip hop,48.0
musica ayacuchana,48.0
atmospheric dnb,48.0
polish rock,48.0
fast melodic punk,48.0
j-pop girl group,48.0
mississippi indie,48.0
avant-garde metal,48.0
polish blues,48.0
folklore boliviano,48.0
boom bap,47.93644781144781
reggae fusion,47.90448327088189
hip pop,47.89587655088207
latin metal,47.87282608695652
red dirt,47.851967592592594
japanese singer-songwriter,47.84166666666668
swedish indie rock,47.83333333333334
garage house,47.790909090909096
atlanta metal,47.78888888888889
icelandic experimental,47.781645569620245
oakland hip hop,47.764114248869575
australian metalcore,47.719444444444434
west coast trap,47.7006039005877
scorecore,47.693768594246215
toronto indie,47.68051282051282
electroclash,47.67424242424242
danish rock,47.66447368421054
alabama indie,47.63636363636364
queer country,47.6264301693832
southern americana,47.6
power metal,47.59545781212902
nu gaze,47.57294142916755
neo soul,47.56996170594458
battle rap,47.548290196457
modern jazz trio,47.53333333333333
christian uplift,47.52083333333334
american post-rock,47.51041666666667
kentucky roots,47.50784917840376
funana,47.5
strut,47.5
argentine hardcore,47.5
brazilian modern jazz,47.5
new beat,47.5
hi-nrg,47.49796011105784
british soundtrack,47.49301463183741
uk worship,47.46666666666667
east coast reggae,47.46527777777778
manguebeat,47.45666666666666
new jersey indie,47.42865497076023
dinner jazz,47.36666666666666
german power metal,47.35909090909092
hard alternative,47.3536231884058
comedy rap,47.35276610644257
el paso indie,47.3452380952381
dunedin indie,47.33333333333334
pinoy hip hop,47.33333333333334
japanese punk rock,47.33333333333334
comic metal,47.30986399078503
alternative metal,47.29666726624183
experimental pop,47.294472448262006
vancouver metal,47.28571428571429
drum and bass,47.28333333333334
christian trap,47.25208333333334
alternative emo,47.24684037136869
worship,47.23898786701
alternative hip hop,47.22568090235551
float house,47.20833333333334
welsh indie,47.2
show tunes,47.18828246964021
latin christian,47.184111735639775
disney,47.18328465658613
canadian post-rock,47.16666666666666
retro soul,47.16
christian alternative rock,47.15405816736912
socal pop punk,47.14628163577034
chamber psych,47.10979908950014
big beat,47.08988926818834
hollywood,47.081744979614754
electro swing,47.01944444444445
action rock,47.0
minneapolis metal,47.0
indie shoegaze,47.0
j-reggae,47.0
connecticut indie,47.0
rock alternatif francais,47.0
experimental jazz,47.0
belgian contemporary classical,47.0
memphis indie,47.0
musique pour enfant quebecois,47.0
blues mexicano,47.0
finnish edm,47.0
japanese r&b,47.0
asheville indie,47.0
jazz metal,47.0
classic icelandic pop,47.0
pop quebecois,47.0
political hip hop,46.99450498390362
melodic death metal,46.985858585858594
western americana,46.97222222222222
portland indie,46.9638888888889
trova,46.96120690903301
dutch metal,46.94444444444444
christian music,46.941013583536346
meditation,46.91892496392496
italian violin,46.91666666666666
soca,46.90699404761904
dominican pop,46.8842211961062
dirty south rap,46.85655343919481
deep smooth jazz,46.83333333333334
korean classical performance,46.83333333333333
crunk,46.82129024121615
pirate,46.8125
swancore,46.8125
retro metal,46.78571428571429
houston rap,46.74082545846801
norteno-sax,46.72857142857144
russian folk rock,46.66666666666667
indie quebecois,46.66666666666667
zouk,46.66666666666666
garage rock revival,46.64320124320125
acid house,46.63846153846154
post-minimalism,46.6375
uk dnb,46.60952380952381
steampunk,46.60818713450293
roots americana,46.59643179765131
maine indie,46.58333333333334
dance-punk,46.552924936822976
roots worship,46.55283401239283
nordic classical piano,46.53571428571429
musica para ninos,46.535714285714285
nintendocore,46.53151260504202
breakbeat,46.53004626951996
italian disco,46.51172047766474
irish rock,46.50070447858778
southampton indie,46.5
contemporary choir,46.5
swedish choir,46.5
french hip hop,46.5
old school rap francais,46.5
american 21st century classical,46.5
ontario indie,46.47222222222222
swedish progressive metal,46.44444444444444
instrumental post-rock,46.44047619047621
christian punk,46.4372859025033
modern hard rock,46.42066666666667
neo r&b,46.41666666666666
cantopop,46.405139453120746
adoracion,46.39285714285714
uk americana,46.354546655182325
melodic metalcore,46.34047254910077
breakcore,46.33333333333334
denton tx indie,46.33333333333334
tucson indie,46.33333333333334
classic russian rock,46.32638888888889
world fusion,46.30678016726403
japanese dream pop,46.3
women's music,46.29140989729226
musica sarda,46.25
dark disco,46.25
horrorcore,46.24725274725274
banda carnavalera,46.209375
worcester ma indie,46.2
sound effects,46.18333333333334
icelandic pop,46.16721753398968
classic opm,46.149234738691256
british power metal,46.13333333333333
screamo,46.11473953936607
nova canco,46.0952380952381
philly rap,46.0729548257681
healing,46.070913419913424
indie jazz,46.03705395201559
bleep techno,46.020467836257296
texas country,46.01608646736054
intelligent dance music,46.00774300257059
cyberpunk,46.00621603260869
japanese electronic,46.0
eastern bloc groove,46.0
hindi indie,46.0
swiss worship,46.0
scottish metal,46.0
japanese idm,46.0
knoxville indie,46.0
tennessee metal,46.0
futurepop,46.0
french reggae,45.99285714285714
scottish rock,45.95549242424242
san marcos tx indie,45.92391304347826
garage rock,45.90610581395298
panpipe,45.875
romanian folk,45.875
canadian rock,45.86647264142246
dayton indie,45.86111111111112
gangster rap,45.85947065373311
messianic praise,45.82142857142857
a cappella,45.82007122507122
african reggae,45.8125
braindance,45.81081081081082
canadian post-hardcore,45.80289855072464
urban contemporary,45.77944183459381
conscious hip hop,45.77652087803522
groove metal,45.7645608085885
alternative roots rock,45.76315789473684
boston metal,45.75333333333333
gothic metal,45.749831649831656
piano rock,45.73831623257681
idaho indie,45.725
uk experimental electronic,45.72432432432433
popping,45.68210408684546
sacramento indie,45.67036591880343
polynesian pop,45.66210171568628
dreamo,45.60783122772919
easycore,45.59047619047619
melodic metal,45.58809523809524
nu-cumbia,45.55847913830914
griot,45.55555555555557
swedish metal,45.51697193589777
progressive sludge,45.5
cuban alternative,45.5
trival,45.5
australian rock,45.49562378585285
freak folk,45.49369949143213
kids dance party,45.48214285714285
italian adult pop,45.47504327159058
umbanda,45.47159090909091
panamanian pop,45.462296324365305
palm desert scene,45.44901960784314
afrofuturism,45.43323475601021
french metal,45.375
chunchaca,45.375
french death metal,45.375
dark cabaret,45.37037037037037
sertanejo,45.363321799307954
west coast rap,45.35923822079583
canadian punk,45.35031957290021
japanese vgm,45.34901960784314
south carolina indie,45.3469387755102
bhangra,45.33333333333334
classical piano duo,45.33333333333334
contemporary vocal jazz,45.29454563960726
buffalo ny indie,45.256470588235295
balkan classical piano,45.25
memphis hip hop,45.24457792665272
lilith,45.22811927006301
british post-rock,45.22222222222222
reggae rock,45.21651091026092
progressive post-hardcore,45.20967741935483
wyoming roots,45.196202531645575
chicago house,45.1473544973545
russian rock,45.13888888888889
german soundtrack,45.13312211981568
washington indie,45.12678787878788
southern metal,45.125
emo,45.10278760745128
puerto rican rock,45.0899470899471
rock andaluz,45.08333333333333
turntablism,45.07774699194577
neue deutsche harte,45.07040816326529
duranguense,45.06853206317493
american shoegaze,45.06666666666666
compositional ambient,45.02034070395192
geek folk,45.0
singing bowl,45.0
women's choir,45.0
japanese concert band,45.0
warm drone,45.0
dutch blues,45.0
salsa cubana,45.0
deep dnb,45.0
neurofunk,45.0
latino comedy,45.0
stoner rock,44.96115829310448
cumbia lagunera,44.951785714285705
bachata dominicana,44.95009877612338
kiwi rock,44.94796466973886
grave wave,44.92121212121212
tamborazo,44.91666666666666
british comedy,44.91428571428572
old school uk hip hop,44.90000000000001
celtic rock,44.877633279054
mariachi cristiano,44.866959453464645
hardcore hip hop,44.856904656819545
bounce,44.85193498452013
dream pop,44.82810303621186
madchester,44.8040215032294
progressive metal,44.77892648287386
balkan brass,44.75
mande pop,44.68589743589744
celtic punk,44.67332435418211
drill and bass,44.66666666666667
j-ambient,44.66666666666666
manila sound,44.66666666666666
norwegian experimental,44.66666666666666
modern southern rock,44.66212121212122
salsa venezolana,44.62287808641975
post-rock,44.621298334433945
rock,44.619426528888425
riddim,44.61204481792716
ambient pop,44.58333333333333
chopped and screwed,44.581706773618535
funk metal,44.5816486047964
danish pop rock,44.57142857142857
lancaster pa indie,44.57142857142857
norwegian black metal,44.56666666666667
norwegian metal,44.54166666666667
gypsy punk,44.54166666666666
surf punk,44.53777777777778
metalcore,44.5172825076799
denver indie,44.5
joropo,44.5
western mass indie,44.5
sound team,44.5
louvor,44.5
lo star,44.5
musica potosina,44.5
uk stoner rock,44.5
g funk,44.4471756948908
psychedelic pop,44.41079657669518
australian alternative rock,44.40312500000001
anti-folk,44.37824682273646
classical oboe,44.375
country dawn,44.373496597242365
comedy rock,44.373166522864544
canadian indie,44.34827360477908
swedish power metal,44.33597883597884
scratch,44.33333333333334
drift,44.33333333333334
country,44.317245424231885
east coast hip hop,44.3135850481428
ambient folk,44.30612535612536
olympia wa indie,44.291269841269845
deep house,44.28532818532821
garage pop,44.275
canadian comedy,44.25
modern power pop,44.24953557180448
soundtrack,44.23811927665713
west coast reggae,44.23714285714285
double drumming,44.18045678964637
experimental vocal,44.17932489451477
brazilian groove metal,44.17391304347826
metal mineiro,44.17391304347826
brazilian thrash metal,44.17391304347826
brazilian metal,44.17391304347826
deep southern trap,44.17152386173768
classic mandopop,44.16460658720186
new jersey hardcore,44.148816747572816
afro dancehall,44.135101010101
psychedelic punk,44.13333333333333
venezuelan rock,44.13333333333333
chicano rap,44.11532231713021
melancholia,44.09759189728343
russian chanson,44.0925925925926
cleveland metal,44.07142857142858
crack rock steady,44.05555555555557
children's music,44.04718597568068
industrial metal,44.04012686695096
japanese pop punk,44.02083333333334
kindie rock,44.01845238095239
noise pop,44.01814290045997
american metalcore,44.0
progressive power metal,44.0
traditional funk,44.0
sevillanas,44.0
israeli mediterranean,44.0
manitoba indie,44.0
rva indie,44.0
japanese garage rock,44.0
detroit techno,44.0
gaian doom,44.0
recorder,44.0
enka,44.0
indie singer-songwriter,44.0
french movie tunes,44.0
canadian metalcore,44.0
modern bollywood,43.99960323559226
new orleans rap,43.9891328197946
german metal,43.97205500222417
classical saxophone,43.92
ectofolk,43.91747126251364
underground rap,43.91666666666667
sevdah,43.91666666666666
slam poetry,43.89
uk pop punk,43.85
smooth saxophone,43.84766499902694
jazz rap,43.84492507897304
stoner metal,43.83792016806723
deathcore,43.83555555555554
dungeon synth,43.83333333333334
atmospheric black metal,43.83333333333334
ambient black metal,43.83333333333334
melodic hardcore,43.82813860246897
deep groove house,43.81785714285714
modern old-time,43.80769230769232
brazilian reggae,43.80555555555554
sertanejo universitario,43.80065359477124
bansuri,43.8
progressive jazz fusion,43.79595959595961
musica costena,43.79333333333334
shred,43.776156862745104
shoegaze,43.771494850251
power thrash,43.75
virginia metal,43.73798076923077
new wave pop,43.71101207026327
folk punk,43.684862745098044
english indie rock,43.66666666666666
italian jazz,43.66666666666666
classic australian country,43.66666666666666
christian metalcore,43.6369696969697
cancion melodica,43.6201045578881
arabesk,43.6
skate punk,43.582700000302175
final fantasy,43.58088235294117
cumbia salvadorena,43.57407407407407
vancouver punk,43.56944444444444
supergroup,43.56117259660592
polyphony,43.55
djent,43.5375
jewish hip hop,43.5
michigan indie,43.5
abstract,43.5
orthodox chant,43.5
chamber ensemble,43.5
queens hip hop,43.47939770847992
bow pop,43.46647198014357
australian country,43.41894736842105
microhouse,43.41773504273504
azonto,43.412987012987024
classify,43.38161764705883
early music choir,43.375
sacramento hip hop,43.37141025641026
neo classical metal,43.367625000558434
nederpop,43.34499999999999
black 'n' roll,43.33333333333334
australian ska,43.33333333333334
deep funk,43.33333333333334
norwegian death metal,43.33333333333334
blackened crust,43.33333333333334
classical harp,43.33333333333333
deep east coast hip hop,43.325
lovers rock,43.30639148946398
scottish new wave,43.29695322793149
canadian country,43.29636513000568
scottish folk,43.29523809523808
swedish death metal,43.28598484848485
neoclassical darkwave,43.28316405047707
orgcore,43.27651515151516
pittsburgh rock,43.25
ambient,43.24113652812282
tone,43.16666666666666
dreamgaze,43.16666666666666
old school dancehall,43.15608486341246
wu fam,43.153935185185176
baroque pop,43.10153204806029
classical mandolin,43.1
cartoon,43.09620532619078
finnish power metal,43.09090909090909
folclor colombiano,43.08695652173913
musica andina colombiana,43.08695652173913
kingston on indie,43.06944444444444
phoenix indie,43.06666666666667
psychedelic doom,43.0625
vancouver indie,43.06216216216217
c-pop,43.0565687644302
swiss metal,43.05
movie tunes,43.020155361931074
tex-mex,43.00237670825906
wassoulou,43.0
dc indie,43.0
manchester indie,43.0
ok indie,43.0
musique touareg,43.0
western saharan folk,43.0
finnish heavy metal,43.0
soviet synthpop,43.0
deep latin alternative,43.0
nu age,43.0
danish punk,43.0
cornwall indie,43.0
bible,43.0
rock pernambucano,43.0
caracas indie,43.0
tuareg guitar,43.0
ottawa indie,43.0
canto popular uruguayo,43.0
springfield mo indie,43.0
banda caliente,42.99270833333334
harlem hip hop,42.961315970598925
gaita zuliana,42.95238095238096
world,42.93477483986992
viking metal,42.921568627450974
baroque ensemble,42.87843600522118
north carolina metal,42.875
champeta,42.86601307189542
instrumental rock,42.86089750293544
alternative country,42.85791917624276
vbs,42.833333333333336
melodic deathcore,42.819047619047616
nueva cancion,42.80535019727964
belgian singer-songwriter,42.8
sophisti-pop,42.79988404231007
tecnobanda,42.7826126722758
neue deutsche todeskunst,42.77777777777777
preschool children's music,42.76112355077873
chamame,42.75
south african country,42.75
alternative rock,42.72960825695093
colombian rock,42.72
ethio-jazz,42.71551724137932
musica cristiana guatemalteca,42.66666666666666
new jersey punk,42.595245319001386
moldovan pop,42.55555555555555
texas latin rap,42.54809546388496
children's folk,42.54246031746031
permanent wave,42.52939460781844
salsa puertorriquena,42.52207469836558
portland punk,42.51969696969697
synthpop,42.51134953955557
danish alternative rock,42.5
ny roots,42.5
son jarocho,42.5
japanese classical piano,42.5
roots reggae,42.47199318068877
rif,42.44444444444444
turbo folk,42.42857142857143
chaotic hardcore,42.41666666666666
indie punk,42.40075961774074
hyphy,42.34995878165071
swedish alternative rock,42.34229249011858
bronx hip hop,42.32089285714285
opera metal,42.31313131313132
african rock,42.270833333333336
canadian celtic,42.22739926739927
canadian hardcore,42.22222222222222
nigerian hip hop,42.21616161616162
modern ska punk,42.19686446886448
jamgrass,42.19577205882352
transpop,42.18181818181818
new age piano,42.178973598418
grunge pop,42.16666666666666
peruvian rock,42.16363636363637
neo-traditional bluegrass,42.15
turkish pop,42.133689839572185
slowcore,42.10300938612068
deathgrass,42.06666666666667
japanese classical,42.06553773024361
riot grrrl,42.05489795918368
australian children's music,42.051948051948045
japanese instrumental,42.0515873015873
buffalo ny metal,42.013888888888886
mpb,42.000421778450615
albanian pop,42.0
nz indie,42.0
musica popular paraense,42.0
uk post-hardcore,42.0
german punk,42.0
ska jazz,42.0
columbus ohio indie,42.0
plunderphonics,42.0
icelandic jazz,42.0
cornish folk,42.0
german indie,42.0
isle of wight indie,42.0
bristol indie,42.0
dark jazz,42.0
brazilian contemporary classical,42.0
uk noise rock,42.0
french techno,42.0
gospel rap,42.0
new romantic,41.97626208035066
gospel r&b,41.903352490421454
operatic pop,41.87770629355904
folklore venezolano,41.833333333333336
classic polish pop,41.833333333333336
cambridge choir,41.83241758241759
canadian singer-songwriter,41.789234508321535
melodic thrash,41.78138528138528
sludge metal,41.77254901960784
swedish jazz,41.75880952380953
folklore argentino,41.75714285714286
dub poetry,41.75
azeri traditional,41.75
pop nacional antigas,41.75
polish contemporary classical,41.73333333333333
desi pop,41.71135988026325
samba-rock,41.70857142857143
tropicalia,41.6869315758868
jam band,41.68516816687121
israeli rock,41.674948240165634
pet calming,41.66666666666666
folclore tucumano,41.65
musica andina,41.63809523809524
outlaw country,41.62699425692748
vegan straight edge,41.625
reggae,41.61784684751525
narodna muzika,41.6
minneapolis punk,41.583333333333336
japanese new wave,41.58315789473684
omaha indie,41.57407407407407
uk reggae,41.57312867956266
christian hardcore,41.5
indian fusion,41.5
dub techno,41.5
goregrind,41.5
glam rock,41.46471663122513
experimental ambient,41.43226788432269
ska punk,41.423229042515416
musica popular mineira,41.411057692307686
grupera,41.398925004704026
bboy,41.39194139194139
new jack swing,41.38927659975997
afropop,41.38034148461422
danish metal,41.3686951754386
mandolin,41.342251082251074
musica popular colombiana,41.340429275158336
chanson paillarde,41.333333333333336
musica hondurena,41.33333333333333
punta,41.33333333333333
cathedral choir,41.29629629629628
brazilian soul,41.27272727272727
metal,41.26673704771749
scottish indie,41.24570105820106
anadolu rock,41.2
austin singer-songwriter,41.16666666666667
new age,41.12602719219767
grunge,41.12059484873074
psicodelia brasileira,41.11805555555557
gruperas inmortales,41.0865314647336
british black metal,41.075
jovem guarda,41.05277777777778
classic cantopop,41.04512281222808
chicago punk,41.01733821733822
vietnamese pop,41.0
vietnamese bolero,41.0
jazz mexicano,41.0
baroque brass,41.0
american early music,41.0
ghent indie,41.0
melodic hard rock,41.0
sarod,41.0
memphis americana,41.0
hip hop cubano,41.0
euroska,41.0
deep disco house,41.0
guzheng,41.0
v-pop,41.0
belgian indie rock,41.0
sound art,41.0
beninese pop,41.0
athens indie,40.99592391304348
pop violin,40.98611111111112
virginia punk,40.958333333333336
german jazz,40.9537037037037
midwest emo,40.94444444444444
canadian classical piano,40.9421238570241
salsa colombiana,40.93785966810968
modern funk,40.9305581743531
chanson,40.923411697590005
cumbia,40.88709409393048
tempe indie,40.885714285714286
canadian metal,40.87513709673989
croatian pop,40.875
croatian rock,40.875
chiptune,40.8235294117647
garage psych,40.814891205285946
contrabass,40.8125
classic swedish pop,40.79803921568628
irish country,40.768518518518526
yugoslav rock,40.75
minimalism,40.72530441400304
classical horn,40.72527472527472
tipico,40.719298245614034
british death metal,40.675
deep idm,40.66666666666666
salsa peruana,40.6598440545809
modern blues,40.652889990509735
brit funk,40.629285714285714
rock baiano,40.55
pop romantico,40.53679501932052
drone,40.50425685425685
rock alternativo brasileiro,40.5
hard rock brasileiro,40.5
lund indie,40.5
death 'n' roll,40.5
ambient house,40.5
turkish classical performance,40.5
roda de samba,40.5
soft rock,40.47195674787472
classic uk pop,40.41996483002756
choral,40.40145780203679
acoustic punk,40.37649219467401
canadian soundtrack,40.3410736579276
medieval folk,40.33357142857143
musica para criancas,40.333333333333336
christchurch indie,40.333333333333336
prog quebec,40.333333333333336
black metal,40.31934046345811
salsa,40.3118387491061
heartland rock,40.29012319171435
dallas indie,40.25
christian metal,40.211260534337455
disco,40.193234841163466
gothabilly,40.185185185185176
irish metal,40.16666666666666
brazilian boogie,40.15064102564102
instrumental funk,40.1307255950885
punk blues,40.12639352059221
tejano,40.034021504456845
classic canadian rock,40.017443570619285
german rock,40.00738304093568
uk contemporary jazz,40.0
drone metal,40.0
post-doom metal,40.0
villancicos,40.0
chinese traditional,40.0
kentucky metal,40.0
yugoslav new wave,40.0
vgm instrumental,40.0
christmas product,40.0
deep soul house,40.0
russian metalcore,40.0
atmospheric sludge,40.0
ukrainian pop,40.0
australian post-hardcore,40.0
polish jazz,40.0
atmospheric post-metal,40.0
russian metal,40.0
industrial rock,39.99560921066799
afrobeat,39.99435661557381
comic,39.920858092613614
ohio indie,39.90909090909091
dance rock,39.88097485142633
chamber choir,39.87136139722347
funk rock,39.86044610126617
japanese city pop,39.85748412698413
new wave,39.857124672114
samba moderno,39.833333333333336
twoubadou,39.8125
abstract hip hop,39.79070247933884
ska,39.7731674794676
dark post-punk,39.7625641025641
taiwan campus folk,39.75952380952381
gospel,39.75122107917306
dunedin sound,39.75
hindi hip hop,39.75
beatlesque,39.729592484390174
historically informed performance,39.69191496568208
chamber orchestra,39.62110591290388
experimental guitar,39.61111111111112
oceania soundtrack,39.61111111111112
german thrash metal,39.55555555555557
classic schlager,39.55
norwegian jazz,39.55
ecm-style jazz,39.539183804982585
speed metal,39.52958992927922
christian relaxative,39.507752509895504
folclore jujeno,39.5
native american flute,39.4810606060606
modern string quartet,39.45454545454545
rumba,39.40172260317328
israeli singer-songwriter,39.38412698412698
nordic orchestra,39.37777777777777
shibuya-kei,39.34123260640288
martial industrial,39.333333333333336
neofolk,39.333333333333336
afghan pop,39.32142857142857
louisville underground,39.3125
canadian psychedelic,39.28095238095239
musica llanera,39.2765737874097
early music ensemble,39.266129032258064
new weird america,39.262126111089614
singer-songwriter,39.26181544737996
british grindcore,39.25
bay area hip hop,39.25
street band,39.22222222222223
classic israeli pop,39.20975056689343
lo-fi,39.20808297820143
turkish psych,39.2
yacht rock,39.19134546170346
pagan black metal,39.181372549019606
autonomous black metal,39.181372549019606
beat italiano,39.16666666666667
folclor afrocolombiano,39.16666666666667
dub,39.138300374716025
deathgrind,39.125
death metal,39.11040608488706
rock keyboard,39.08535574325823
chicago hardcore,39.05925925925926
anarcho-punk,39.04358974358974
post-hardcore,39.0135967724055
accordeon,39.0
rumba congolaise,39.0
erhu,39.0
essex indie,39.0
free folk,39.0
french post-punk,39.0
ethiopian pop,39.0
irish accordion,39.0
kora,39.0
hawaiian indie,39.0
hong kong rock,39.0
hong kong indie,39.0
polish reggae,39.0
indie electronica,39.0
japanese girl punk,39.0
deep gothic post-punk,39.0
japanese prog,39.0
australian classical piano,39.0
classic praise,38.98854166666667
metal guitar,38.9843137254902
uk doom metal,38.96428571428572
twee pop,38.92613636363637
florida death metal,38.925
techno,38.91176470588236
ska revival,38.85309505309507
arab groove,38.833333333333336
arkansas country,38.81333743435043
psychobilly,38.80864197530864
tampa indie,38.77272727272727
brutal death metal,38.732341269841264
glam metal,38.71648642779222
kentucky punk,38.66666666666666
cosmic post-rock,38.66666666666666
rock drums,38.66556036556037
canadian experimental,38.64285714285714
deep soundtrack,38.63809523809524
canadian indigenous,38.625
neo-pagan,38.6
technical thrash,38.6
garage punk,38.55974025974026
connecticut hardcore,38.54166666666667
brazilian indie,38.53666666666667
baroque violin,38.52777777777778
doom metal,38.52387152777778
neue deutsche welle,38.51944444444444
emo punk,38.513888888888886
ranchera,38.51056164817796
classic norwegian pop,38.5
vocal ensemble,38.5
quiet storm,38.4926273141708
roots rock,38.45412585568318
native american,38.45028232636928
miami bass,38.415024630541865
smooth jazz,38.39381026611788
mellow gold,38.36484908490819
queercore,38.35
cumbia colombiana regia,38.34464285714286
slamming deathcore,38.333333333333336
classical countertenor,38.333333333333336
deathrash,38.32644927536232
hard rock,38.326197983924416
funk,38.30313367832304
deep ragga,38.26363636363636
album rock,38.26057678819572
dutch indie,38.25
garage punk blues,38.2
traditional soul,38.1875
math rock,38.13541666666666
rhode island indie,38.13333333333335
punk,38.08884996959455
nwothm,38.083333333333336
dirty texas rap,38.06944444444444
minneapolis sound,38.05769481764583
old school hip hop,38.02985664697621
corrosion,38.025
uk rockabilly,38.0
swiss country,38.0
halifax indie,38.0
iskelma,38.0
modern big band,38.0
classic finnish pop,38.0
humppa,38.0
punjabi pop,38.0
reading indie,38.0
celtic harp,38.0
dutch death metal,38.0
mbalax,38.0
taiwan hip hop,38.0
sotalaulut,38.0
dutch jazz,38.0
instrumental acoustic guitar,38.0
fo jing,38.0
new zealand classical,38.0
old west,38.0
finnish soul,38.0
sufi,37.984320775480704
shanty,37.96428571428572
celtic,37.93926026497784
sitar,37.93145161290322
oklahoma country,37.92802214958458
new comedy,37.925
contemporary jazz,37.90998036306329
punk 'n' roll,37.89511111111111
power-pop punk,37.893518518518526
finnish hard rock,37.888888888888886
kundiman,37.85
mexican rock-and-roll,37.84513740458508
latin soundtrack,37.821969696969695
german hard rock,37.810526315789474
merengue,37.73648681897604
mizrahi,37.71428571428572
louisiana metal,37.708333333333336
freestyle,37.70287231101767
soul,37.68408309501712
hungarian classical performance,37.68033981269278
flamenco,37.656116737739865
alternative pop,37.63709806397306
jawaiian,37.63665638130252
folkmusik,37.63333333333335
kayokyoku,37.619047619047606
technical death metal,37.61
ethereal wave,37.59136111111111
us power metal,37.530623697290366
e6fi,37.51436335403727
cumbia funk,37.5
british contemporary classical,37.47222222222222
boston hardcore,37.45238095238096
british jazz,37.452173913043474
sleaze rock,37.43572053727718
brighton indie,37.43333333333333
british classical piano,37.42615384615385
german heavy metal,37.42105263157895
polca paraguaya,37.41666666666667
boogie,37.38333333333333
canadian children's music,37.35714285714285
german show tunes,37.35714285714285
harp,37.33333333333333
dark wave,37.33143711551606
chutney,37.30752779668709
progressive bluegrass,37.29662284046477
boston rock,37.27861854520509
french classical piano,37.25314401617774
post-disco,37.229396754737394
c86,37.18452380952381
nwobhm,37.18052432931464
neo-trad metal,37.16666666666666
mod revival,37.12222222222222
chill guitar,37.11594202898551
electro,37.10704981505326
birmingham metal,37.08631868131869
p funk,37.07617258653613
porro,37.06666666666668
fourth world,37.05373202041597
swamp rock,37.05295744098387
horror punk,37.04880720716911
dutch trance,37.01111111111111
experimental dub,37.0
duduk,37.0
hammered dulcimer,37.0
afrofuturismo brasileiro,37.0
armenian folk,37.0
tuna estudiantil,37.0
folklore veracruzano,37.0
technical melodic death metal,37.0
faroese pop,37.0
tagalog worship,36.96103896103896
family gospel,36.9375
southern soul blues,36.93015873015872
gothic post-punk,36.92
ambient techno,36.833333333333336
classic rock,36.8183916977534
electro-industrial,36.81349862258953
art rock,36.804587762338464
techno kayo,36.79488721804512
jangle pop,36.76703886152161
neo-progressive,36.72395833333333
classical piano,36.71455774409432
early synthpop,36.71450617283951
hardcore,36.64636363636364
broadway,36.6104321763651
old school thrash,36.60651217412645
okc indie,36.5897435897436
deep norteno,36.584259259259255
folk,36.54990059949814
bolero,36.52975658969664
horror synth,36.52777777777778
cante flamenco,36.5
new wave of thrash metal,36.5
country rock,36.48718341013269
classic afrobeat,36.42857142857143
papuri,36.37777777777778
persian pop,36.33333333333333
blues rock,36.30676566962016
west end,36.2875025010004
south african choral,36.285714285714285
christian a cappella,36.25
japanese folk,36.22916666666667
merengue tipico,36.18971306471307
arabic jazz,36.16666666666667
classic turkish pop,36.16666666666666
gbvfi,36.14625053871005
comedy,36.0808077946596
portland hip hop,36.032152126701625
underground power pop,36.03148590539895
oth indie,36.0
deep free jazz,36.0
grindcore,36.0
kizomba antigas,36.0
kodomo no ongaku,36.0
corridos cristianos,36.0
german post-hardcore,36.0
new york death metal,36.0
baton rouge indie,36.0
afro psych,36.0
uk dub,36.0
gabonese pop,36.0
dub metal,36.0
pibroch,36.0
cuatro venezolano,36.0
ugandan pop,36.0
jazz colombiano,36.0
deep acoustic pop,36.0
vintage french electronic,35.991324465008674
classic girl group,35.98150230228236
broken beat,35.916666666666664
classic venezuelan pop,35.900626917433634
flamenco guitar,35.88657407407407
black thrash,35.84693627450981
thrash metal,35.84377105964037
synth funk,35.84061864061864
traditional ska,35.833333333333336
russian jazz,35.833333333333336
musica infantil,35.766666666666666
soukous,35.75
detskie pesni,35.75
lithuanian electronic,35.75
boston punk,35.70531400966184
progressive rock,35.67078025658853
deep g funk,35.666666666666664
shakuhachi,35.666666666666664
irish folk,35.66519189637767
texas blues,35.66486516514468
nyhc,35.635151515151506
power pop,35.633518707342965
british invasion,35.63080485767494
classic russian pop,35.58333333333333
motown,35.55586858346774
classical piano trio,35.555555555555564
second line,35.533333333333346
israeli classical piano,35.52418300653596
psychedelic soul,35.52175736029172
scottish fiddle,35.46666666666667
bubblegum pop,35.46185552125814
epic doom,35.44444444444444
swedish doom metal,35.44444444444444
uk post-punk,35.42404107438921
tolkien metal,35.41666666666667
southern gospel,35.397058823529406
rosary,35.369810395554104
pub rock,35.35725264547044
rock steady,35.35312916469175
turkish trap,35.333333333333336
yorkshire folk,35.333333333333336
deep disco,35.332482993197274
string folk,35.30489060489061
bossa nova,35.27030880985743
deep tech house,35.23529411764706
japanese heavy metal,35.22222222222222
barockinterpreten,35.19047619047619
arab pop,35.188775510204074
go-go,35.166666666666664
mariachi,35.16071812849333
sacred steel,35.145833333333336
deathrock,35.14333333333333
sertanejo pop,35.141960784313724
ye ye,35.06396650291999
straight edge,35.040392817059484
folk rock,35.03374466464002
crossover thrash,35.017672672672674
progressive deathcore,35.0
chinese indie rock,35.0
slovenian metal,35.0
autoharp,35.0
lancashire indie,35.0
japanese experimental,35.0
quebec death metal,35.0
musica tropical guatemalteca,35.0
brazilian edm,35.0
deep punk rock,35.0
georgian folk,35.0
muzika l'yeladim,35.0
polish pop,35.0
classic italian pop,34.963343779398016
ballet class,34.96266233766233
italian classical piano,34.96
art punk,34.95197102763386
nueva ola chilena,34.93859649122808
classic soul,34.91147056444146
canadian blues,34.857142857142854
southern rock,34.831839050667874
classic country pop,34.81848879750753
gothic rock,34.813575373854015
rune folk,34.72222222222222
rare groove,34.681243926141875
triangle indie,34.66666666666667
post-metal,34.666666666666664
trash rock,34.666666666666664
glam punk,34.634641873278234
symphonic rock,34.63275707542424
salsa international,34.597469023055304
british orchestra,34.594549268558325
diy emo,34.583333333333336
halloween,34.53752436647173
deep soft rock,34.53405797101449
swedish black metal,34.529411764705884
viking black metal,34.529411764705884
ebm,34.51565656565656
psychedelic folk rock,34.5
sefardi,34.5
contemporary folk,34.5
panamanian rock,34.5
british blues,34.46685114025957
swiss rock,34.46153846153846
ukulele,34.45833333333333
bard,34.44444444444445
british choir,34.42660802647645
jazz orchestra,34.42222222222223
cowpunk,34.3314818458041
native american contemporary,34.32777777777778
noise rock,34.2655929038282
northern soul,34.25736429567754
vintage chinese pop,34.22066315657837
outsider house,34.18181818181818
praise,34.15282051282051
samba-jazz,34.15245223909849
classic j-rock,34.14196428571428
swiss black metal,34.125
classical flute,34.10384615384616
ilocano pop,34.0625
dusseldorf electronic,34.05555555555556
chicano punk,34.03703703703704
merseybeat,34.00741916630009
south carolina metal,34.0
brega,34.0
classic punjabi pop,34.0
steelpan,34.0
modular synth,34.0
bush ballad,34.0
australian indigenous,34.0
rock kapak,34.0
post-punk,33.99377071632755
industrial,33.96699357394918
samba,33.92083187505465
mexican classic rock,33.879732410982406
violao,33.87773113354226
norwegian classical,33.82142857142857
electric blues,33.817569305392105
military cadence,33.80769230769231
belly dance,33.80184837092732
zolo,33.77894295920198
bluegrass,33.73737004523388
british folk,33.71680718949089
piano mpb,33.67142857142858
straight-ahead jazz,33.62694578636607
romantico,33.59876543209876
southern soul,33.57249720785253
boogaloo,33.55268256589779
philly soul,33.545467765541055
japanese vocal jazz,33.5
fingerstyle,33.48077549690453
geek rock,33.475
christian power metal,33.46153846153846
no wave,33.455442176870754
italian progressive rock,33.4
doo-wop,33.359252225760805
contemporary gospel,33.336575276575275
indian jazz,33.333333333333336
space rock,33.29611111111111
soul blues,33.26138781157167
children's choir,33.21590909090909
russian classical piano,33.18122390251648
smooth soul,33.13541666666667
chinese instrumental,33.111111111111114
canterbury scene,33.10178571428571
parody,33.04248084048115
hardcore punk,33.03010240451561
tape club,33.00757575757576
norwegian space disco,33.0
organic ambient,33.0
native american spiritual,33.0
new isolationism,33.0
footwork,33.0
mexican son,33.0
italian modern prog,33.0
brill building pop,32.985125599695
instrumental soul,32.98507450092816
nl folk,32.97319347319348
early us punk,32.959937402190924
minimal wave,32.93333333333333
swedish hard rock,32.932699395547694
emocore,32.916666666666664
barbershop,32.888888888888886
pop house,32.888888888888886
gypsy jazz,32.84863654863655
west african jazz,32.833333333333336
swamp blues,32.826388888888886
novelty,32.8214663643235
xhosa,32.81578947368421
paisley underground,32.8
son cubano,32.798941798941804
latin jazz,32.773694241303936
lebanese pop,32.71825396825397
acid rock,32.67595532906288
persian traditional,32.6
classic persian pop,32.56521739130435
rock progressif francais,32.54545454545455
jazz fusion,32.491279186396106
new orleans funk,32.48589092140921
classic garage rock,32.42884028096972
progressive house,32.377531657644994
experimental rock,32.36843911222736
protopunk,32.34614812494774
deep freestyle,32.333333333333336
chicago soul,32.2587758085948
louisiana blues,32.20255223306484
northern irish punk,32.18055555555556
post-disco soul,32.175
oi,32.13359375
rock-and-roll,32.12893484482996
jazz funk,32.10758783930016
highlife,32.022222222222226
new mexico music,32.00319215197757
belgian new wave,32.0
guinean pop,32.0
turkish experimental,32.0
musique concrete,32.0
jazz venezolano,32.0
swedish prog,32.0
estonian hip hop,32.0
svensk progg,32.0
canadian choir,31.97142857142857
classic korean pop,31.952380952380956
post-post-hardcore,31.88888888888889
one-person band,31.88333333333333
experimental,31.87657038041677
russian choir,31.83333333333333
contemporary classical piano,31.8125
modern performance,31.8
turkish folk,31.79852941176471
psychedelic rock,31.795010975548376
canadian rockabilly,31.75
skiffle,31.75
souldies,31.738952713952727
slack-key guitar,31.68611111111111
spanish invasion,31.66666666666667
berlin school,31.65363636363637
russian orchestra,31.642857142857142
adult standards,31.63490210889541
jazz flute,31.626488095238088
deep new wave,31.58333333333333
jazz rock,31.570297090318128
classical performance,31.56433122838182
italian soundtrack,31.545549187654448
violin,31.440193303420376
krautrock,31.438521579430677
instrumental bluegrass,31.36603814031657
japanese psychedelic,31.3125
pakistani pop,31.27179487179488
deep contemporary country,31.260416666666664
truck-driving country,31.25138888888889
audiophile vocal,31.16666666666667
swamp pop,31.159137667887663
historical keyboard,31.1
russian folk,31.09166666666667
ukrainian classical piano,31.027777777777768
classical organ,31.00997108520828
marimba orquesta,31.0
pornogrind,31.0
danish singer-songwriter,31.0
danish post-punk,31.0
yiddish folk,31.0
rockabilly,30.98891309156439
traditional folk,30.972750492451706
dc hardcore,30.88208333333333
bluegrass gospel,30.878780115157188
nashville sound,30.85808443688324
japanese jazz,30.85535414293309
jig and reel,30.816666666666663
brazilian jazz,30.73642206188445
outsider,30.703712917517272
coco,30.7
children's story,30.666666666666664
barnmusik,30.666666666666664
african-american classical,30.64944134078212
jazz guitar,30.649060471855712
melbourne bounce international,30.60714285714285
irish pub song,30.602976190476195
american contemporary classical,30.58515625
proto-techno,30.44704585537919
streichquartett,30.43636363636364
psychedelic folk,30.337160135186448
electric bass,30.276372995365247
zydeco,30.26190476190477
texas punk,30.25
classic japanese jazz,30.204329004329004
sunshine pop,30.198557727280328
radio symphony,30.18075338123415
cosmic american,30.08135530188739
lds,30.05127819548873
freakbeat,30.03273254657054
british industrial,30.030952380952385
hardcore techno,30.024486383182037
deep christian rock,30.021464646464647
danseband,30.0
deep comedy,30.0
japanese piano,30.0
south african jazz,29.99718045112782
cello,29.976788553259144
crust punk,29.967948717948712
banjo,29.8821546679139
instrumental surf,29.784722222222214
d-beat,29.7
classical cello,29.69814486077701
cinematic post-rock,29.69444444444445
new orleans blues,29.670438857413483
rhythm and blues,29.62223525406223
hammond organ,29.61562850729517
traditional british folk,29.579166666666666
uk82,29.5578125
juju,29.55555555555556
nubian traditional,29.5
microtonal,29.5
zeuhl,29.5
egyptian traditional,29.5
colombian hip hop,29.5
early american folk,29.5
balearic,29.5
memphis soul,29.43303965079965
technical deathcore,29.4
jazz harp,29.329254079254085
chill pop,29.125
british experimental,29.09897959183673
musica jibara,29.08333333333333
brutal deathcore,29.066666666666663
visor,29.05555555555556
classical guitar,29.030898472596583
vogue,29.0
brass band,29.0
lute,29.0
trinidadian reggae,29.0
funeral doom,29.0
proto-rap,29.0
thrash core,28.973926918492136
cowboy western,28.925744553266423
rai,28.909774436090228
clean comedy,28.88887249114521
dutch rock,28.86666666666667
psychedelic blues-rock,28.684126984126983
tagalog rap,28.66666666666667
irish banjo,28.66666666666667
pinoy trap,28.66666666666667
australian post-punk,28.5
hungarian classical piano,28.38343253968254
blues,28.352565872490736
classical clarinet,28.346311858076568
afro-funk,28.33333333333333
jazz organ,28.26757575757576
laboratorio,28.242909108728515
italian library music,28.133333333333336
canzone genovese,28.092342342342345
danish jazz,28.0
islamic recitation,28.0
electrofox,28.0
ambient industrial,28.0
neo kyma,28.0
quran,28.0
russian shoegaze,28.0
surf music,27.954929429544816
filmi,27.917217401495773
21st century classical,27.83333333333333
gospel blues,27.82111861137897
happy hardcore,27.796296296296298
vocal harmony group,27.785871088409447
beach music,27.747994306418217
spiritual jazz,27.691901425582643
noise punk,27.666666666666664
minimal techno,27.6
spytrack,27.517948717948727
chicago blues,27.51427001992771
jazz blues,27.430490943093357
vocal jazz,27.42431238631777
tamil pop,27.406728956228942
brazilian classical piano,27.4
samba de roda,27.378199909543195
japanese jazz fusion,27.363636363636363
belgian classical piano,27.33333333333333
ukrainian classical,27.332835820895525
norwegian contemporary jazz,27.29166666666667
adventista,27.266666666666666
tzadik,27.16666666666667
moog,27.10074236874237
swedish heavy metal,27.0
swedish rock-and-roll,27.0
brass quintet,27.0
commons,27.0
histoire pour enfants,27.0
street punk,27.0
musique pour enfants,27.0
swing revival,26.96666666666667
hindustani instrumental,26.8875
musikkorps,26.875
jazz trio,26.765097603492716
theme,26.757872532971355
american oi,26.72000000000001
vintage italian soundtrack,26.689758012455385
violao classico,26.66666666666667
classic greek pop,26.64439655172414
mallet,26.61111111111111
early reggae,26.56060606060606
french orchestra,26.532058219558223
chill out,26.5
cumbia peruana,26.5
drone folk,26.467204301075267
turkish jazz,26.28743315508021
deep classic garage rock,26.0
swedish stoner rock,26.0
bahai,26.0
nueva ola peruana,26.0
australian classical,26.0
harmonica blues,25.95505650869662
music box,25.95192307692308
sertanejo tradicional,25.95185185185185
harpsichord,25.896568627450986
classic psychedelic rock,25.875
rockabilly en espanol,25.8125
gregorian chant,25.78344155844156
soda pop,25.73333333333333
avant-garde,25.726112580834805
classical trumpet,25.691919191919197
mexican traditional,25.538461538461537
guitarra clasica,25.52898887276245
jazz double bass,25.508930525274877
quatuor a cordes,25.5
musica juiz-forana,25.5
kompa,25.5
liverpool indie,25.46428571428571
old-time,25.420221577568377
azontobeats,25.285714285714285
bolero cubano,25.27490058960647
forro tradicional,25.225
piedmont blues,25.195736779560303
gospel soul,25.16995614035088
deep indian pop,25.1412718981798
soul jazz,25.09036805816464
contemporary classical,24.940986477680024
latin american classical piano,24.859567051917075
avant-garde jazz,24.77389567701909
orchestral performance,24.77048444295575
contemporary post-bop,24.715163562813352
minneapolis indie,24.70546737213404
norsk lovsang,24.66666666666667
jazz quartet,24.597538915818262
pakistani folk,24.557142857142853
bakersfield sound,24.500244188649248
blackgaze,24.5
lounge,24.44197499106303
delta blues,24.42991440584134
puerto rican folk,24.42377493357885
american classical piano,24.39556906216929
classic danish pop,24.35438596491228
timba,24.33333333333333
cambodian rock,24.309523809523807
dabke,24.142857142857142
neo-rockabilly,24.1125
musica tradicional cubana,24.10640729118552
khmer,24.05555555555556
jazz accordion,24.0
spanish renaissance,24.0
nuevo folklore mexicano,24.0
american orchestra,23.995722638899714
jazz drums,23.90592201422241
copla,23.802475845410623
acoustic blues,23.74606007693052
american choir,23.71227785372523
nordic post-rock,23.70833333333333
hawaiian,23.680788611741
steel guitar,23.67857142857143
funk ostentacao,23.66666666666667
free jazz,23.645057989888453
forro,23.633333333333336
madrigal,23.6
uilleann pipes,23.6
jump blues,23.571257863690786
cajun,23.53571428571429
deep southern soul,23.5
black comedy,23.47521367521368
french soundtrack,23.40889870998567
country gospel,23.39839607746064
easy listening,23.330981309872683
hula,23.277777777777786
musica nicaraguense,23.142857142857142
tech house,23.115384615384613
deep adult standards,23.099462874887237
string quartet,23.02149470170329
experimental big band,23.0
vintage rockabilly,23.0
italian renaissance,22.91666666666667
country blues,22.91026566275161
american primitive,22.87849462365591
library music,22.87434031485756
jazz vibraphone,22.75994283494284
free improvisation,22.70944195819261
charanga,22.69028520499109
orchestra,22.66633647726133
german classical piano,22.65740888291939
washboard,22.5
greek pop,22.45350052246604
folklore ecuatoriano,22.40293040293041
bluegrass fiddle,22.366666666666664
jazz violin,22.30566829004329
brazilian classical,22.29523809523809
greek contemporary classical,22.25
piano blues,22.23708408308064
classic colombian pop,22.18645899554991
ballroom,22.12768068657109
cumbia ecuatoriana,22.115384615384613
traditional blues,22.097153097218765
french jazz,22.09053201700261
austrian classical piano,22.017857142857142
old-time fiddle,22.0
jazz,21.962705483664013
fado,21.947402597402597
accordion,21.9375
boogie-woogie,21.90807189542484
viola,21.79032258064516
classic peruvian pop,21.589285714285715
folclore salteno,21.5
japanese traditional,21.458333333333336
arab folk,21.271099514520568
anglican liturgy,21.21212121212121
swedish melodic rock,21.21052631578948
mambo,21.189022389452813
laiko,21.142402279335712
welsh folk,21.125
jazz piano,21.11809132292841
velha guarda,21.09916586427356
pops orchestra,21.096301020408163
bossa nova jazz,21.066666666666663
vocal trance,21.03846153846154
latin classical,21.0141943277541
capoeira,21.0
canadian classical,20.97877652933833
trance,20.92628384687208
[],20.859882191849056
yodeling,20.85372628129325
gospel singers,20.713118022328548
bulgarian experimental,20.666666666666668
jazz saxophone,20.63209178437723
neo-traditional country,20.53333333333333
classic pakistani pop,20.448626007072008
classic soundtrack,20.31051174320882
traditional country,20.301665599229537
bebop,20.29124687470161
cool jazz,20.26662625530392
rap chileno,20.166666666666668
memphis blues,20.15102909246263
string band,20.125
thall,20.0
instrumental progressive metal,20.0
austrian orchestra,19.933588252290548
honky tonk,19.74823714992146
opera,19.662399079361187
classic arab pop,19.53300299821171
makossa,19.5
boy soprano,19.5
jazz brass,19.44174468259834
vintage swedish pop,19.43939393939393
cumbia ranchera,19.438596491228072
jazz trumpet,19.388973517163983
new orleans jazz,19.291005220711803
appalachian folk,19.271003039359783
hard bop,19.00573049523805
german renaissance,19.0
nz christian,19.0
early music,18.99766914547315
tango cancion,18.92760942760943
classic iskelma,18.8
american folk revival,18.69569121216559
partyschlager,18.666666666666668
cuban rumba,18.644097222222214
jazz cubano,18.393492063492054
western swing,18.36897485111121
art song,18.357705406555983
english renaissance,18.2
swing,18.070506822134465
oud,17.865384615384613
baroque,17.683102790785608
classical tenor,17.66170963565695
turkish modern jazz,17.5
rap napoletano,17.5
traditional bluegrass,17.333333333333332
classical,17.142737001371476
classical mezzo-soprano,17.125906991335928
irish classical,17.0
guidance,16.8203125
motivation,16.8203125
classic bollywood,16.754549786549685
choro,16.72831871345029
renaissance,16.705128205128208
italian orchestra,16.594079793754023
harlem renaissance,16.587971654205678
exotica,16.48930474530835
space age pop,16.476808890233315
american romanticism,16.46153846153846
stride,16.224105199081507
classical soprano,16.182741234853125
opera chorus,16.143589743589743
harmonica jazz,16.142857142857142
belgian jazz,16.142857142857142
kabarett,16.0
keroncong,16.0
euphoric hardstyle,15.963636363636365
cha-cha-cha,15.951388888888886
bandoneon,15.87218045112782
honky-tonk piano,15.863636363636363
italian baroque,15.779628143392188
big band,15.572915698636288
jazz trombone,15.478270626258604
african percussion,15.454545454545457
ghazal,15.15436940918047
japanese classical performance,15.088075880758804
torch song,15.079555406505255
australian choir,15.0
dutch folk,15.0
volksmusik,15.0
italian mezzo-soprano,14.994761904761903
koto,14.833333333333336
light music,14.803513071895429
victorian britain,14.704861111111107
german baroque,14.453145744309175
german choir,14.416235632183907
drama,14.382716049382717
polka,14.381944444444445
spirituals,14.262468194235916
cabaret,14.25549843674843
samba-enredo,14.22222222222222
navajo,14.207070707070706
detske pisnicky,14.0
flick hop,14.0
polish classical,13.943356127648164
klezmer,13.933333333333332
english baroque,13.763385446824934
jug band,13.724999999999998
romanian classical piano,13.66837606837607
deep motown,13.666666666666664
entehno,13.561904761904762
british modern classical,13.46895589885786
progressive trance,13.448
pinoy traditional,13.375
hindustani classical,13.34474411836042
jazz clarinet,13.148324376593962
brazilian ska,13.0
dansband,13.0
uplifting trance,12.76543209876543
classical bass,12.647104174485133
bhajan,12.442962962962964
mountain dulcimer,12.355855855855856
classic hardstyle,12.266666666666666
austrian choir,12.10648148148148
beat poetry,12.02777777777778
marching band,12.0
gamelan,12.0
classical baritone,11.76718653310051
ragtime,11.568623022492574
carnatic vocal,11.501937321937325
czech contemporary classical,11.5
turkish trap pop,11.428571428571429
greek guitar,11.333333333333336
russian romanticism,11.286731639085597
kentucky mountain folk,11.227027027027027
italian soprano,11.21307319223986
psychedelic trance,11.166666666666664
tango,11.165900487072248
country boogie,11.163934426229508
romanian rock,11.0915
italian bass,11.04284924575783
vintage hollywood,11.02935562326336
animal singing,11.0
tin pan alley,10.888933945511653
son cubano clasico,10.797619047619047
traditional rockabilly,10.740476190476189
french baroque,10.681623931623934
theremin,10.617056856187288
dhrupad,10.517857142857142
dutch classical piano,10.5
early romantic era,10.398077365706976
polish classical piano,10.37911804952277
music hall,10.376623376623376
german orchestra,10.352829817607798
syrian pop,10.346153846153848
irish fiddle,10.333333333333334
mollywood,9.92
canzone napoletana,9.865394898452845
italian tenor,9.725532011904788
classical era,9.711394903943113
late romantic era,9.6149260294681
post-romantic era,9.613998684798592
acousmatic,9.342524154589372
czech classical piano,9.333333333333334
vintage country folk,9.279761904761903
organic house,9.25
brass ensemble,9.239613526570048
galante era,9.113636363636363
early modern classical,9.10661246524032
indian classical,9.0785580959307
vintage dutch pop,9.0
oratory,9.0
jazz chileno,8.833333333333334
american modern classical,8.804251166944681
classical contralto,8.754106280193236
tollywood,8.6
dixieland,8.419713056760779
serialism,8.338888888888889
tabla,8.285714285714286
mento,8.225581395348836
vintage jazz,8.211609018970671
french romanticism,8.195315754037862
deep northern soul,8.0
funky tech house,8.0
carnatic,7.992518518518517
french opera,7.898541211356338
gospel antigas,7.5
bouzouki,7.476751207729468
swing italiano,7.452950910093768
guitarra argentina,7.388888888888887
finnish contemporary classical,7.3076923076923075
vintage gospel,7.2
baiao,7.1
operetta,7.099924066844675
impressionism,6.776982674906164
vintage old-time,6.695238095238095
dutch cabaret,6.5
vintage schlager,6.461568986568987
finnish classical,6.455882352941176
spanish classical,6.3518299881936215
afghan traditional,6.333333333333332
classic italian folk pop,6.271524635495225
vintage tango,6.269236920452335
italian opera,6.126975130421179
clawhammer banjo,6.0
christelijk,6.0
psalmen,6.0
calypso,5.941478166932428
czech classical,5.770660522273425
carnatic instrumental,5.5
ukrainian electronic,5.5
brazilian percussion,5.4
italian baritone,5.1047509284938135
poetry,5.008184523809524
trio cubano,5.0
musica prehispanica,4.833333333333333
hoerspiel,4.8086046918767495
tamil worship,4.767857142857143
vintage italian pop,4.711601011812837
classic czech pop,4.666666666666667
concert band,4.666666666666667
german romanticism,4.615051155114414
russian modern classical,4.538233974343592
austro-german modernism,4.323809523809524
bahamian folk,4.2111111111111095
caucasian classical,4.125
monterrey indie,4.0
folklore chileno,4.0
dansktop,3.942982456140352
progressive psytrance,3.9047619047619047
british dance band,3.876928480721948
gabba,3.7142857142857135
italian romanticism,3.636323249273338
orquesta tipica,3.6025974025974024
neoclassicism,3.517250645186742
macedonian folk,3.375
reading,3.3478007271855086
vintage swing,3.17948717948718
hiplife,3.0
spanish techno,3.0
rebetiko,2.9760967320349403
ethnomusicology,2.777777777777777
prepared piano,2.5
nordic contemporary classical,2.435897435897436
early avant garde,2.364945264159924
tamil hip hop,2.333333333333333
haitian traditional,2.3190476190476192
musica gaucha tradicionalista,2.2
bandinhas,2.2
dark techno,2.2
rawstyle,2.12
belgian techno,2.0
thai idol,2.0
deep techno,2.0
indonesian worship,2.0
latin tech house,2.0
vintage chanson,1.9689601370851364
turkish classical,1.804112554112554
historic orchestral performance,1.7777281900535111
greek swing,1.7333333333333334
swiss classical piano,1.6691919191919191
hardstyle,1.6666666666666667
mexican classical,1.65
irish ballad,1.6
musica piemonteisa,1.5
thai indie rock,1.5
progressive trance house,1.4821428571428572
komedi,1.45
thai pop,1.3333333333333333
historic classical performance,1.3252475298421584
hindustani vocal,1.0484126984126985
ghanaian traditional,1.0
classic thai pop,1.0
thai folk rock,1.0
outer hip hop,1.0
frenchcore,1.0
chill lounge,1.0
gospel italiano,1.0
baglama,1.0
kolsche karneval,1.0
historic piano performance,0.8007472929205594
guitarra portuguesa,0.8
deep delta blues,0.7857142857142857
german oi,0.78125
deep uplifting trance,0.7291666666666666
latvian pop,0.6666666666666666
burmese traditional,0.6666666666666666
magyar alternative,0.6666666666666666
hungarian folk,0.6666666666666666
classic latvian pop,0.6666666666666666
progressive uplifting trance,0.6111111111111112
german literature,0.5588235294117647
danish classical,0.5138888888888888
wind quintet,0.5
kleine hoerspiel,0.5
rabindra sangeet,0.4926683017704689
muzica populara,0.4372294372294372
bangla,0.434469696969697
german opera,0.3720016747230997
indian instrumental,0.3125
vintage classical singing,0.2846560846560846
marathi traditional,0.271604938271605
folclore extremeno,0.2
bandolim,0.2
bengali folk,0.2
uptempo hardcore,0.2
middle eastern traditional,0.1666666666666666
khaleeji iraqi,0.1666666666666666
mantra,0.148
greek clarinet,0.125
groove room,0.1111111111111111
nuevo tango,0.1052631578947368
historic string quartet,0.0850340136054421
sufi chant,0.0714285714285714
ilahiler,0.0714285714285714
veena,0.0357142857142857
nisiotika,0.0
neo-kraut,0.0
nepali pop,0.0
rwandan traditional,0.0
croatian folk,0.0
greek jazz,0.0
norman ok indie,0.0
chinese soundtrack,0.0
nepali indie,0.0
russian trance,0.0
greek folk,0.0
organic electronic,0.0
spanish baroque,0.0
chinese classical,0.0
greek house,0.0
italian progressive metal,0.0
antilliaanse folklore,0.0
romanian electronic,0.0
atmospheric post-rock,0.0
zurich indie,0.0
coverchill,0.0
depressive black metal,0.0
quartetto d'archi,0.0
punk rock italiano,0.0
punjabi folk,0.0
zambian pop,0.0
dubsteppe,0.0
hungarian pop,0.0
albany ny indie,0.0
hungarian rock,0.0
hungarian techno,0.0
portuguese early music,0.0
deep space rock,0.0
xtra raw,0.0
thai folk,0.0
swedish jazz orkester,0.0
pinoy r&b,0.0
palestinian pop,0.0
orkney and shetland folk,0.0
oriental classical,0.0
arabic hip hop,0.0
hungarian edm,0.0
ryukyu ongaku,0.0
gypsy,0.0
nederlandse hardstyle,0.0
kannada bhava geethe,0.0
trad jazz catala,0.0
israeli techno,0.0
ethnotronica,0.0
shabad,0.0
uzbek pop,0.0
uzbek traditional,0.0
experimental indie,0.0
deep full on,0.0
dark hardcore,0.0
dark minimal techno,0.0
kashmiri pop,0.0
focus trance,0.0
haryanvi pop,0.0
jewish cantorial,0.0
italian blues,0.0
jazz tuba,0.0
skramz,0.0
sky room,0.0
slovak electronic,0.0
trance mexicano,0.0
italian mandolin,0.0
vaudeville,0.0
italian techno,0.0
cameroonian pop,0.0
deep minimal techno,0.0
serbian electronic,0.0
industrial hardcore,0.0
funk 150 bpm,0.0
cypriot pop,0.0
gujarati garba,0.0
musica antigua,0.0
folclore navarra,0.0
hard minimal techno,0.0
sandalwood,0.0
mongolian pop,0.0
mongolian hip hop,0.0
belgian hardcore,0.0
modern swing,0.0
minimal melodic techno,0.0
berlin minimal techno,0.0
esperanto,0.0
middle east hip hop,0.0
birdsong,0.0
israeli classical,0.0
full on,0.0
classic eurovision,0.0
deep psychobilly,0.0
speedcore,0.0
vintage spanish pop,0.0
deep progressive house,0.0
israeli folk,0.0
tajik pop,0.0
medieval,0.0
