,genres
background piano,293
calming instrumental,255
background music,245
barnmusik,224
russelater,222
classical soprano,203
lo-fi beats,193
instrumental lullaby,192
disco polo,190
coverchill,185
dinner jazz,185
deep latin christian,183
otacore,181
danish hip hop,178
eurovision,178
kindermusik,176
manele,176
fake,176
musica para ninos,175
uk drill,173
indie electropop,172
polish hip hop,170
fallen angel,168
social media pop,167
cumbia sonidera,166
background jazz,165
k-rap,165
deep underground hip hop,163
musiikkia lapsille,160
indonesian pop,159
vocaloid,159
sky room,158
samba-enredo,158
praise,158
german trap,158
brazilian ccm,156
v-pop,155
musique pour enfants,153
mgp,152
deep talent show,152
lesen,152
dutch hip hop,149
german show tunes,148
epicore,147
music hall,147
musica gaucha tradicionalista,147
banda caliente,145
gaming edm,145
turkish trap pop,145
uk hip hop,144
japanese vtuber,142
melodipop,142
electro bailando,142
neo-proto,141
new comedy,140
meme rap,140
kodomo no ongaku,140
thai idol,140
french movie tunes,139
neo-classical,138
vintage hawaiian,138
vintage chanson,137
kleine hoerspiel,137
kompa,136
rap chileno,136
classical tenor,136
deep italo disco,136
classic eurovision,135
indie anthem-folk,135
string quartet,135
lds,135
chinese drama ost,134
indie cafe pop,134
uk alternative hip hop,134
chill lounge,133
irish country,133
chill out,133
french classical piano,133
muziek voor kinderen,132
country pop,132
hip hop quebecois,131
american classical piano,130
poetry,130
belgian dance,130
tollywood,129
cornetas y tambores,129
latin viral pop,129
light music,129
deep norteno,129
classic portuguese pop,129
cumbia pop,129
jewish pop,128
carnaval,128
musica per bambini,127
portland indie,127
classical guitar,127
children's music,127
indonesian worship,127
forro,127
turbo folk,126
kabarett,126
hoerspiel,126
gypsy jazz,125
cumbia ranchera,125
fado,125
taiwan graduation song,125
oratory,125
seattle indie,125
bangla,124
horrorcore,124
pop edm,124
rap espanol,124
deep tropical house,124
makina,123
classical piano trio,123
hip hop tuga,123
commons,122
classical flute,122
shabad,122
vintage swoon,122
german pop,122
classical organ,122
pop reggaeton,121
deep smooth r&b,121
rhythm and boogie,121
gregorian chant,121
finnish indie,120
opm,120
barnemusikk,120
romantico,119
japanese instrumental,119
rosary,119
hard house,119
brazilian edm,119
new age piano,118
terrorcore,117
albanian pop,117
aikatsu,116
j-reggae,116
afrikaans,116
tamil pop,116
strut,116
hands up,116
classical cello,115
turkish hip hop,115
mollywood,115
focus trance,115
movie tunes,115
polish pop,115
relaxative,114
barbershop,114
modern free jazz,114
swedish jazz orkester,114
broadway,114
progressive trance,114
rap calme,113
chicano rap,113
uk dnb,113
minimal tech house,113
chill-out trance,113
future ambient,113
k-pop,113
cumbia villera,113
pop r&b,113
german hip hop,112
classic dutch pop,112
deep pop edm,112
persian pop,112
deep ccm,112
svensk lovsang,112
classic russian pop,111
shonen,111
canadian hip hop,111
classic thai pop,111
ragga jungle,111
synthwave,111
chill r&b,111
klezmer,111
carnaval limburg,111
deep progressive trance,111
pianissimo,111
ambeat,111
football,111
deep liquid bass,111
jumpstyle,110
canzone napoletana,110
southern gospel,110
vapor soul,110
classic praise,110
francoton,110
underground rap,110
detroit hip hop,110
video game music,110
ballet class,110
groove room,110
covertrance,109
deep chill-out,109
german street punk,109
deep disco,109
deep funk ostentacao,109
guggenmusik,109
deep german hip hop,109
russian classical piano,109
wave,109
lounge house,109
gospel singers,109
shamanic,109
texas country,109
italian disco,108
psychedelic blues-rock,108
violin,108
deep discofox,108
vietnamese pop,108
punjabi pop,108
korean pop,108
traditional funk,108
mariachi,107
glitchcore,107
asmr,107
deep motown,107
world chill,107
chinese hip hop,107
deep funk house,107
timba,107
c64,107
german classical piano,106
pre-war blues,106
sertanejo pop,106
russian dance pop,106
bass house,106
neo soul-jazz,106
kurdish pop,106
bboy,106
vietnamese hip hop,105
tejano,105
classic peruvian pop,105
mexican rock-and-roll,105
australian underground hip hop,105
austindie,105
classic french pop,105
rif,105
spanish rock,105
ambient fusion,105
christian relaxative,105
deep turkish pop,105
indonesian hip hop,105
vapor trap,105
spanish hip hop,104
gospel reggae,104
musica de fondo,104
concert band,104
austropop,104
focus beats,104
classical mezzo-soprano,104
deep adult standards,104
israeli indie,104
chill groove,104
kinderchor,103
norwegian jazz,103
neo-industrial rock,103
classic czech pop,103
bass trip,103
progressive psytrance,103
sami,103
norwegian punk,103
fingerstyle,102
vintage jazz,102
dub product,102
nasheed,102
experimental dubstep,102
indorock,102
dansband,102
sunset lounge,102
electro trash,102
neo r&b,102
bulgarian folk,102
library music,102
deep new wave,102
rai,101
deep groove house,101
spanish invasion,101
psybreaks,101
circuit,101
vintage dutch pop,101
korean ost,101
classic hardstyle,101
electro latino,101
full on,101
adoracao,101
christmas instrumental,101
classify,101
vintage swedish pop,101
vaudeville,101
italo beats,101
malaysian indie,101
didgeridoo,101
western swing,100
classical bass,100
demoscene,100
rare groove,100
boom bap,100
tekno,100
hard minimal techno,100
deep progressive house,100
phonk,100
deep eurodance,100
classic turkish pop,100
bay area hip hop,100
german underground rap,100
kayokyoku,100
belly dance,100
wind symphony,100
gospel rap,99
norwegian pop rap,99
cali rap,99
ghoststep,99
dutch idol pop,99
polish alternative rap,99
italian classical piano,98
scottish rock,98
jumptek,98
indie emo,98
deep happy hardcore,98
turkish folk,98
louvor,98
vintage gospel,98
preschool children's music,98
traditional soul,98
malaysian pop,98
j-core,98
merengue,98
goa trance,98
cumbia funk,98
latvian pop,98
deep r&b,97
classic belgian pop,97
fast melodic punk,97
vintage western,97
latin worship,97
chinese viral pop,97
musica costena,97
melbourne indie,97
traprun,97
boy pop,97
panamanian pop,97
austrian hip hop,97
deep g funk,97
vintage swing,97
czech rock,97
la pop,97
gypsy,97
trap brasileiro,97
twin cities indie,96
romanian trap,96
filthstep,96
classical clarinet,96
lithuanian pop,96
rebetiko,96
soca,96
dallas indie,96
gospel blues,96
zillertal,96
nashville indie,95
orquesta tipica,95
chanson quebecois,95
zouk,95
deep deep house,95
west end,95
british brass band,95
adventista,95
electro jazz,95
czsk hip hop,95
orthodox chant,95
swedish synth,95
suomirap,95
riddim,95
glitch beats,95
deep breakcore,95
vienna indie,95
deep surf music,94
screamocore,94
new jack smooth,94
banda carnavalera,94
dark electro-industrial,94
christmas product,94
spanish pop rock,94
deep hardcore,94
modern uplift,94
brazilian hip hop,94
bornesange,93
skiffle,93
j-rap,93
classic hungarian pop,93
hard trance,93
dark trap,93
deep christian rock,93
deep freestyle,93
euro hi-nrg,93
danish indie,93
romanian rock,93
italian pop rock,93
deep northern soul,93
scratch,93
british dance band,93
hungarian folk,93
dubsteppe,93
deep classic garage rock,93
romanian pop,92
hawaiian,92
kizomba,92
nu electro,92
abstract idm,92
south african gospel,92
orchestral performance,92
croatian pop,91
italo dance,91
norwegian hip hop,91
deep smooth jazz,91
breton folk,91
sad rap,91
tape club,91
thai pop,91
deep sunset lounge,91
classic bulgarian pop,91
polka,90
deep psychobilly,90
ambient dub techno,90
remix product,90
argentine indie,90
bulgarian hip hop,90
chip hop,90
cubaton,90
estonian pop,90
swiss hip hop,90
northern irish indie,90
chamame,89
polish punk,89
indonesian indigenous,89
rap underground mexicano,89
swedish reggae,89
dixieland,89
bulgarian pop,89
urbano espanol,89
dutch pop,89
australian country,89
anthem worship,89
grunge pop,89
college a cappella,89
czech hip hop,89
spanish new wave,89
deep hardtechno,89
filmi,89
australian jazz,88
nl folk,88
bhangra,88
dutch jazz,88
rumba,88
contemporary gospel,88
jazz trio,88
deep ragga,88
ostrock,88
assamese pop,88
gamecore,88
corridos tumbados,88
uk funky,88
j-division,88
focus,88
french indietronica,87
kirtan,87
deep vocal jazz,87
smooth jazz,87
brooklyn indie,87
dubstep product,87
finnish jazz,87
villancicos,87
celtic punk,87
modern southern rock,87
rhythm game,87
idol,87
classical oboe,87
israeli pop,86
azeri pop,86
japanese indie rock,86
ambient psychill,86
corrosion,86
neo honky tonk,86
vintage schlager,86
deep filthstep,86
beats,86
uptempo hardcore,86
pop house,86
deep chill,86
anime,86
uk garage,86
swiss folk,86
indonesian indie,86
belgian indie,86
electrofox,86
balearic,86
venezuelan rock,86
brazilian hardcore,86
nerdcore,85
american post-rock,85
swedish punk,85
modern performance,85
reading,85
mashup,85
vintage italian pop,85
southern soul blues,85
norwegian gospel,85
spanish punk,85
brazilian reggae,85
k-pop girl group,85
jazz composition,85
tanzlmusi,85
french folk pop,85
melodic hard rock,85
capoeira,85
brazilian gospel,84
judaica,84
ballroom,84
salsa international,84
cantopop,84
deep jazz fusion,84
mexican traditional,84
bossa nova jazz,84
neo-rockabilly,84
beach music,84
orquesta tropical,84
emo rap,84
classic city pop,84
hard stoner rock,84
italian progressive rock,84
grime,84
chalga,83
hardvapour,83
abstract beats,83
dutch house,83
arabesk,83
doujin,83
southern americana,83
k-indie,83
hollywood,83
progressive trance house,83
hard alternative,83
deep brazilian pop,83
reggae rock,83
soul flow,82
italian hip hop,82
neurostep,82
south african jazz,82
stomp pop,82
polish jazz,82
deep tech house,82
australian alternative rock,82
miami bass,82
adoracion,82
medieval rock,82
thai indie,82
chamber orchestra,82
deep psytrance,82
re:techno,82
minneapolis indie,82
drama,81
mbalax,81
messianic praise,81
classic afrobeat,81
nu disco,81
roots worship,81
deep downtempo fusion,81
organic ambient,81
bossa nova cover,81
post-disco soul,81
danish pop,81
deep indie pop,81
czech folk,81
street punk,81
romanian rap,81
vintage old-time,81
progressive electro house,81
broken beat,81
destroy techno,81
partyschlager,80
deep soul house,80
popgaze,80
indie quebecois,80
theme,80
pop romantico,80
jawaiian,80
nova mpb,80
power noise,80
slovak hip hop,80
swedish jazz,80
nigerian pop,80
uzbek pop,80
guitar case,80
vintage classical singing,80
turkish classical,80
slow game,80
classic icelandic pop,80
classic sinhala pop,80
accordeon,80
colombian hip hop,80
deep vocal house,80
outer hip hop,80
classic italian pop,80
kindie rock,79
perth indie,79
tin pan alley,79
dirty texas rap,79
boston rock,79
musik anak-anak,79
vintage tango,79
soukous,79
deep soft rock,79
jazz rap,79
steelpan,79
danseband,79
swedish pop,79
deep ambient,79
viral trap,79
operatic pop,79
classic polish pop,79
persian hip hop,79
deep acoustic pop,78
seinen,78
stl indie,78
classic nz pop,78
swedish alternative rock,78
deep east coast hip hop,78
vancouver indie,78
edmonton indie,78
cello,78
new age,78
deep indie singer-songwriter,78
traditional bluegrass,78
traditional rockabilly,78
jazz guitar,78
ectofolk,78
blues band,77
viola,77
classical saxophone,77
easycore,77
japanese vgm,77
deep darkpsy,77
trap queen,77
nz indie,77
enka,77
melbourne bounce,77
deep euro house,77
dark psytrance,77
deep neo-synthpop,77
geek rock,77
glitch hop,77
czech indie,77
a cappella,77
greek hip hop,77
rap maroc,77
finnish punk,77
slovak pop,77
barrelhouse piano,77
psych gaze,77
rap metalcore,77
rap francais,77
forro tradicional,76
german jazz,76
gothic americana,76
faroese pop,76
drone psych,76
cosmic uplifting trance,76
alternative metalcore,76
metal guitar,76
israeli hip hop,76
show tunes,76
bounce,76
marathi pop,76
fidget house,76
irish rock,76
freestyle,76
hjemmesnekk,75
french indie pop,75
indie emo rock,75
acoustic chill,75
south african house,75
bubble trance,75
junior songfestival,75
korean soundtrack,75
british classical piano,75
chiptune,75
swing revival,75
trap soul,75
rap cristiano,75
dark minimal techno,75
french jazz,74
chinese traditional,74
k-pop boy group,74
spoken word,74
blues-rock guitar,74
progressive uplifting trance,74
hard chime,74
hard bass,74
greek indie,74
deep dance pop,74
classic colombian pop,74
power blues-rock,74
calypso,74
atmospheric post-rock,74
deep latin jazz,74
ukulele,74
hard dance,74
psychedelic trance,74
deep punk rock,74
psalmen,74
irish fiddle,73
florida rap,73
deep full on,73
persian traditional,73
berlin minimal techno,73
substep,73
motivation,73
latvian hip hop,73
vapor house,73
dark progressive house,73
deep indie rock,73
psychill,73
jazz saxophone,73
reggaeton flow,73
nwocr,73
australian garage punk,73
la indie,73
rap inde,73
russian post-punk,73
alt-idol,73
dutch indie rock,73
scottish folk,73
semba,73
jump up,72
neo-pagan,72
deep uplifting trance,72
french punk,72
porro,72
shanty,72
polish reggae,72
deep new americana,72
talentos brasileiros,72
japanese alternative rock,72
chinderlieder,72
schranz,72
spanish noise pop,72
turkish metal,72
icelandic pop,72
deep regional mexican,72
modern enka,72
beatlesque,72
electric bass,72
harmonica blues,72
russian underground rap,72
slovenian pop,72
hopebeat,72
skweee,72
gothenburg indie,71
french worship,71
classic israeli pop,71
harpsichord,71
kansas city hip hop,71
minimal melodic techno,71
modern downshift,71
comedy rock,71
indie pop rap,71
french reggae,71
doomcore,71
musica llanera,71
lullaby,71
french folk,71
deep rai,71
irish rebel song,71
volksmusik,71
instrumental surf,71
classic iskelma,71
vintage rockabilly,71
burmese pop,71
punk ska,71
classic psychedelic rock,71
malagasy folk,71
italian alternative,71
funk ostentacao,71
italian punk,70
traditional scottish folk,70
roots americana,70
post-post-hardcore,70
bemani,70
solipsynthm,70
mexican indie,70
triangle indie,70
music box,70
contemporary folk,70
jazz double bass,70
thrash-groove metal,70
japanese melodic punk,70
hardcore breaks,70
spanish classical,70
powwow,69
indie singer-songwriter,69
ecuadorian indie,69
redneck,69
diy pop punk,69
swedish hip hop,69
svensk indie,69
nordic house,69
crossover prog,69
american choir,69
classic persian pop,69
portuguese rock,69
chicago indie,69
deep pop emo,69
malay rap,69
german oi,69
japanese disney,69
p funk,69
bedroom pop,69
blaskapelle,69
jazz orchestra,69
classic dubstep,69
mod revival,69
ethiopian pop,69
christian pop,69
tsukiuta,69
garage psych,68
corridos cristianos,68
italian jazz,68
batak,68
doo-wop,68
munich indie,68
deep free jazz,68
gymcore,68
desi pop,68
early music ensemble,68
musica costarricense,68
finnish worship,68
neo-singer-songwriter,68
jangle rock,68
uk contemporary r&b,68
deep minimal techno,68
deep neofolk,68
brazilian modern jazz,68
australian indigenous,68
baroque singing,68
dansktop,68
classical percussion,68
soda pop,68
ukrainian electronic,68
mexican son,68
sandalwood,68
vapor pop,67
deep contemporary country,67
heavy alternative,67
souldies,67
cinematic dubstep,67
indie deutschrap,67
electro swing,67
future funk,67
scorecore,67
musikkorps,67
italian tenor,67
industrial techno,67
vintage reggae,67
bergen indie,67
axe,67
radio symphony,67
classical saxophone quartet,67
spiritual jazz,67
ragtime,67
denver indie,67
classic malaysian pop,67
danspunk,67
old school hard trance,67
czech pop,67
alternative roots rock,67
trap chileno,67
norteno-sax,67
deep liquid,67
catalan folk,67
ambient idm,66
dark clubbing,66
blasmusik,66
indie shoegaze,66
kritika,66
brutal deathcore,66
wrestling,66
bolivian rock,66
bouncy house,66
stomp and whittle,66
euskal rock,66
british comedy,66
environmental,66
musica andina,66
folklore boliviano,66
tamil worship,66
australian hardcore,66
british indie rock,66
chamber ensemble,66
glitter trance,66
viral pop,66
cumbia salvadorena,66
british contemporary classical,66
sleep,66
sheffield indie,66
shojo,66
acid jazz,66
dark disco,66
surf music,66
deep dubstep,66
italian indie pop,66
toronto indie,66
zouk riddim,66
classic italian folk pop,66
brega funk,66
abstract,66
classic kollywood,66
vintage italian soundtrack,65
alt z,65
horror punk,65
classical horn,65
hardingfele,65
punk urbano,65
canadian modern jazz,65
new french touch,65
gospel,65
early reggae,65
mpgjr,65
australian dance,65
ugandan pop,65
brazilian blues,65
neo-traditional country,65
jazz vibraphone,65
indie fuzzpop,65
german punk,65
modern string quartet,65
soundtrack,65
progressive breaks,65
contrabass,65
christian dance,65
lds youth,65
thai hip hop,65
talent show,65
balkan brass,65
armenian pop,65
boston indie,65
sinhala pop,64
norwegian pop,64
spanish reggae,64
gospel italiano,64
sesame street,64
greek house,64
corsican folk,64
russian hip hop,64
channel pop,64
metallic hardcore,64
neofolk,64
odia pop,64
colombian indie,64
bulgarian rock,64
indie poptimism,64
irish pop,64
carnaval cadiz,64
trot,64
military band,64
jazz trumpet,64
kundalini,64
kabyle,64
indie rockism,64
karadeniz turkuleri,64
dutch rap pop,64
cumbia ecuatoriana,64
complextro,64
australian blues,64
uruguayan indie,64
bandinhas,64
benga,64
filter house,63
dreamo,63
musica infantil,63
dutch indie,63
welsh folk,63
alternative hardcore,63
future bass,63
mantra,63
deep german punk,63
progressive post-hardcore,63
dark electro,63
ceilidh,63
pet calming,63
vallenato,63
anthem emo,63
british children's music,63
classic anime,63
traditional reggae,63
pinoy indie,63
oth indie,63
swedish indie pop,63
spanish electropop,63
deep southern soul,63
panpipe,63
a3,62
latin tech house,62
electronicore,62
progressive deathcore,62
native american,62
pony,62
macedonian folk,62
pop quebecois,62
neo-trad prog,62
portuguese indie,62
chilena,62
pop flamenco,62
chill beats,62
ecuadorian pop,62
comedia,62
aggrotech,62
uk pop,62
j-poprock,62
nepali pop,62
beatdown,62
classical bassoon,62
dutch musical,62
musicas espiritas,62
pinoy praise,62
classic soundtrack,62
japanese jazztronica,62
mexican electronic,62
classic venezuelan pop,62
thai teen pop,62
hungarian rock,62
british jazz,62
baroque ensemble,61
dark post-punk,61
icelandic hip hop,61
polish electronica,61
abstractro,61
bhajan,61
pop emo,61
rock kapak,61
lute,61
classical baritone,61
musica infantil catala,61
dutch drill,61
chilean indie,61
soulful house,61
tex-mex,61
boom bap brasileiro,61
afghan pop,61
australian indie,61
lovers rock,61
deep southern trap,61
deep disco house,61
west coast trap,61
jam band,61
khaliji,61
indie r&b,61
vapor twitch,61
experimental hip hop,61
post-teen pop,61
spanish indie pop,61
orchestra,61
italian baroque,61
swedish melodic rock,61
american modern classical,60
classical era,60
indonesian viral pop,60
slap house,60
experimental ambient,60
canadian pop,60
funky tech house,60
german orchestra,60
traditional ska,60
german ccm,60
sega,60
bagpipe marching band,60
rock steady,60
electro dub,60
slovak folk,60
eastern bloc groove,60
deep active rock,60
klapa,60
shush,60
russian indie,60
welsh rock,60
american oi,60
festigal,60
armenian folk,60
narodna muzika,60
dark techno,60
deep metalcore,60
turkish alternative rock,60
g-house,60
classic indo pop,60
ye ye,60
nordic classical piano,60
grimewave,60
disney italiano,60
pretty rhythm,60
brighton indie,60
underground power pop,59
greek underground rap,59
rap underground espanol,59
swamp pop,59
polish modern jazz,59
welsh indie,59
organic electronic,59
latin christian,59
abstract hip hop,59
dutch cabaret,59
marching band,59
vintage taiwan pop,59
canadian country,59
bubblegum dance,59
guidance,59
puerto rican rock,59
german metalcore,59
spytrack,59
classical harp,59
italian folk,59
stockholm indie,59
maltese pop,59
trio huasteco,59
rave funk,59
beach house,59
reunion pop,59
taiwan hip hop,59
cante flamenco,59
euskal musica,59
anime score,59
old-time fiddle,59
acid techno,59
folk brasileiro,59
korean r&b,59
k-rock,59
slovak indie,58
indonesian jazz,58
minnesota hip hop,58
folk punk,58
visual kei,58
mainland chinese pop,58
funk carioca,58
mexican hip hop,58
trash rock,58
italian baroque ensemble,58
dutch trance,58
polish black metal,58
traditional british folk,58
somali pop,58
gospel soul,58
dark hardcore,58
heavy gothic rock,58
bahai,58
german reggae,58
jazz boom bap,58
modern reggae,58
darkstep,58
ruta destroy,58
electroacoustic improvisation,58
swedish choir,58
minimal wave,58
dangdut,58
dweilorkest,58
viola da gamba,58
indie garage rock,58
bachata,58
baltic classical,58
noise punk,58
german choir,58
turkish jazz,58
nu age,58
go-go,58
west african jazz,58
nursery,58
modern bollywood,58
uk pop punk,58
children's story,58
ethereal gothic,58
elektropunk,58
japanese underground rap,57
colombian rock,57
slam death metal,57
shimmer psych,57
j-ambient,57
turkish alternative,57
estonian hip hop,57
chillhop,57
croatian indie,57
turkish alt pop,57
hong kong indie,57
oslo indie,57
columbus ohio indie,57
portuguese jazz,57
bachata dominicana,57
math pop,57
afro-funk,57
trova,57
swedish underground rap,57
krautrock,57
danish jazz,57
icelandic indie,57
classic opm,57
christian punk,57
old school rap francais,57
pagode,57
stubenmusik,57
idol game,57
greek pop,57
psychedelic folk,56
german death metal,56
australian talent show,56
modern ska punk,56
german worship,56
northern soul,56
hyphy,56
contemporary classical piano,56
indie tico,56
anarcho-punk,56
japanese classical performance,56
neo metal,56
egyptian hip hop,56
christelijk,56
makossa,56
lustrum,56
string band,56
hengelliset laulut,56
new wave of thrash metal,56
black comedy,56
cocuk sarkilari,56
classic j-pop,56
noise,56
progressive alternative,56
city pop,56
drift,56
memphis hip hop,56
wonky,56
zydeco,56
rebel blues,56
sholawat,56
teen pop,56
classic progressive house,56
aussietronica,56
j-pop boy group,56
french pop,56
thai psychedelic,56
swiss jazz,56
orquestas de galicia,56
tecnobanda,56
dungeon synth,56
guinean pop,55
hammond organ,55
belgian hip hop,55
sevillanas,55
deep space rock,55
romanian electronic,55
native american spiritual,55
deep german indie,55
christian uplift,55
liverpool indie,55
detske pisnicky,55
j-pop girl group,55
garage house,55
musica popular paraense,55
cajun,55
indie hip hop,55
modern alternative rock,55
classic pakistani pop,55
vintage spanish pop,55
italian techno,55
musica calabrese,55
sound,55
detskie rasskazy,55
deep power-pop punk,55
rock noise,55
persian alternative,55
ghettotech,55
chillstep,55
manchester indie,55
african rock,55
belgian jazz,55
nouvelle chanson francaise,55
rock catala,54
atlanta indie,54
swiss metal,54
lebanese pop,54
dark ambient,54
classic finnish rock,54
flick hop,54
singaporean indie,54
rock chapin,54
hip hop galsen,54
japanese traditional,54
schlager,54
deep dnb,54
musica tradicional cubana,54
space age pop,54
spanish indie rock,54
german literature,54
garage pop,54
ethnotronica,54
rock urbano mexicano,54
psychobilly,54
uk house,54
afro dancehall,54
icelandic electronic,54
irish gaelic folk,54
britpop,54
belgian techno,54
folklore argentino,54
tuna estudiantil,54
scandipop,54
wu fam,54
maghreb,54
australian alternative pop,53
american folk revival,53
indie jazz,53
london rap,53
opera,53
nova musica pernambucana,53
bagpipe,53
deep comedy,53
song poem,53
italian underground hip hop,53
downtempo fusion,53
melodic techno,53
classic punjabi pop,53
georgian pop,53
swedish pop punk,53
choro,53
lo star,53
funky breaks,53
arab pop,53
barnsagor,53
modern power pop,53
musique mariage algerien,53
zespol dzieciecy,53
german indie,53
estonian indie,53
minimal dubstep,53
chaabi marocain,53
acid idm,53
british choir,53
vocal trance,53
yugoslav rock,53
swedish indie rock,52
swedish black metal,52
piano cover,52
shimmer pop,52
trekkspill,52
experimental jazz,52
nz pop,52
djent,52
polish alternative,52
vancouver punk,52
trap argentino,52
melbourne bounce international,52
kazakh pop,52
hamburg electronic,52
tecnobrega,52
german hardcore,52
band organ,52
neue deutsche harte,52
dominican pop,52
minimal dub,52
cantaditas,52
vispop,52
rock uruguayo,52
kamen rider,52
italian reggae,52
viola caipira,52
kaseko,52
kansai indie,52
anthem,52
perreo,52
phoenix indie,52
cantautor,52
scottish indie,51
funky house,51
detskie pesni,51
german baroque,51
cyber metal,51
australian rock,51
ukrainian rock,51
bassline,51
antiviral pop,51
melodic progressive metal,51
hardstyle,51
naija worship,51
spanish metal,51
finnish folk,51
classic uk pop,51
musica triste brasileira,51
greek trap,51
experimental techno,51
slc indie,51
belo horizonte indie,51
lo-fi indie,51
sefardi,51
swedish fiddle,51
finnish dance pop,51
orgcore,51
historically informed performance,51
cymraeg,51
shibuya-kei,51
modern progressive rock,51
australian children's music,51
guided meditation,51
maine indie,51
grim death metal,51
dancehall,51
post-screamo,51
indie dream pop,51
pop catracho,51
american contemporary classical,50
indie psych-pop,50
ukrainian pop,50
vintage country folk,50
michigan indie,50
argentine telepop,50
neomelodici,50
fan chant,50
lagu timur,50
russian viral rap,50
chinese worship,50
classic swedish pop,50
dublin indie,50
vintage norwegian pop,50
classical trumpet,50
dragspel,50
islamic recitation,50
uk tech house,50
finnish death metal,50
norwegian black metal,50
early avant garde,50
historic piano performance,50
disney norsk,50
indonesian folk,50
escape room,50
illbient,50
anti-folk,50
classical countertenor,50
swedish trap pop,50
discofox,50
norske viser,50
afrobeat,50
battle rap,49
jazz organ,49
chicago rap,49
mluvene slovo,49
huayno,49
texas latin rap,49
metal colombiano,49
japanese beats,49
russian hardcore,49
gaming dubstep,49
belgian modern jazz,49
precure,49
paracana,49
swedish eurodance,49
serbian electronic,49
riot grrrl,49
baptist gospel,49
disney dansk,49
nz hip hop,49
comedienne,49
cumbia uruguaya,49
apostolic worship,49
icelandic rock,49
mento,49
nova musica paulista,49
italian tech house,49
atl trap,49
thai indie rock,49
disney svenska,49
chinese new year,49
speedrun,49
hauntology,49
electronic trap,49
instrumental progressive metal,49
dominican indie,49
lithuanian indie,49
turkish pop,49
swedish rockabilly,49
italian baritone,49
ohio hip hop,49
grunge,48
new mexico music,48
milwaukee hip hop,48
new orleans jazz,48
moombahton,48
cumbia,48
alternative pop rock,48
accordion,48
modern swing,48
electro,48
classic mandopop,48
belarusian indie,48
chinese experimental,48
vlaamse rap,48
jazz brass,48
african reggae,48
deep orgcore,48
deep flow,48
chicago pop punk,48
maskandi,48
chinese idol pop,48
czech punk,48
er ge,48
spiritual hip hop,48
bulgarian electronic,48
trap mexicano,48
detroit trap,48
deep gothic post-punk,48
brazilian indie,48
norwegian indie,48
indiecoustica,48
italian renaissance,48
dutch blues,48
hungarian classical piano,48
ukrainian hip hop,48
brazilian stoner rock,48
rap algerien,48
japanese r&b,48
german punk rock,48
rap df,48
kuduro antigo,48
jazz mexicano,47
uk post-punk,47
mandopop,47
australian hip hop,47
uk diy punk,47
guaracha,47
hong kong tv drama,47
indie salvadoreno,47
nashville singer-songwriter,47
american metalcore,47
polish trap,47
french soundtrack,47
gospel antigas,47
magyar trap,47
r&b brasileiro,47
etherpop,47
birmingham indie,47
zhongguo feng,47
cdmx indie,47
boston hip hop,47
musica popular amazonense,47
french hip hop,47
finnish pop,47
chunchaca,47
chinese r&b,47
neo-traditional bluegrass,47
neue deutsche welle,47
modern indie pop,47
swedish prog,47
british alternative rock,47
vietnamese traditional,47
indian edm,47
haryanvi pop,47
reggae cover,47
irish hip hop,47
norwegian americana,47
sevdah,47
kuduro,47
norwegian space disco,47
british soundtrack,47
houston rap,47
norwegian folk,47
hamilton on indie,47
harp,47
country dawn,47
chamber psych,46
hungarian hip hop,46
nederpop,46
adelaide indie,46
old school dancehall,46
asian american hip hop,46
liedermacher,46
alpine yodeling,46
musica catarinense,46
rhode island indie,46
italian lounge,46
irish singer-songwriter,46
gospel r&b,46
portuguese metal,46
canadian electronic,46
washboard,46
tzadik,46
super sentai,46
hard glam,46
black sludge,46
swedish hard rock,46
world fusion,46
gruperas inmortales,46
memphis soul,46
olympia wa indie,46
hong kong hip hop,46
electropowerpop,46
classic house,46
finnish black metal,46
manitoba indie,46
athens indie,46
slash punk,46
swedish tropical house,46
turkish instrumental,46
baps,46
trance brasileiro,46
swiss punk,46
connecticut indie,46
barockinterpreten,46
indy indie,46
indie catala,46
nwobhm,46
nordic orchestra,45
retro soul,45
pinoy rock,45
swiss indie,45
classic cantopop,45
umbanda,45
california hardcore,45
peruvian rock,45
smooth saxophone,45
indonesian reggae,45
instrumental funk,45
tatar pop,45
nordnorsk musikk,45
thai pop rap,45
wind quintet,45
deep hardcore punk,45
leeds indie,45
deep latin alternative,45
blackened hardcore,45
son cubano clasico,45
german rock,45
eurobeat,45
neru,45
indie cordoba,45
south african hip hop,45
dutch underground hip hop,45
french death metal,45
nyc pop,45
morna,45
nz electronic,45
hamburg indie,45
midwest emo,45
canadian house,45
chant religieux,45
waiata maori,45
australian electropop,45
turkish singer-songwriter,45
levenslied,45
san diego rap,45
slayer,45
philly rap,45
spanish folk,45
rock nacional,45
bass trap,45
uk alternative pop,45
novos talentos brasileiros,45
vegas indie,45
dutch contemporary classical,45
glasgow indie,45
english renaissance,45
canadian comedy,45
argentine metal,45
karadeniz pop,45
tamborazo,45
muzica copii,45
jazz quartet,45
deep deep tech house,44
russian romance,44
instrumental acoustic guitar,44
austrian pop,44
hungarian pop,44
qawwali,44
nuevo tango,44
puerto rican indie,44
sydney indie,44
canadian classical,44
indie valenciana,44
kurdish folk,44
college marching band,44
jazz drums,44
detroit house,44
musica popular mineira,44
russian emo rap,44
avant-garde metal,44
pontian folk,44
grand rapids indie,44
dutch punk,44
german contemporary classical,44
backing track,44
drumfunk,44
modern hard rock,44
dutch edm,44
deep delta blues,44
taiwan instrumental,44
russian folk,44
portuguese pop,44
cambridgeshire indie,44
smutny rap,44
portland hip hop,44
pasodobles,44
japanese techno,44
japanese folk,44
oxford indie,44
taiwanese indigenous,44
deep melodic metalcore,44
indie cantabria,44
baroque violin,44
acoustic punk,44
norwegian rock,44
brazilian thrash metal,44
malagasy pop,44
kollywood,44
philly indie,44
belgian pop,44
aussie drill,44
japanese classical piano,44
tribal house,44
hyperpop,44
kashmiri pop,44
irish flute,44
african percussion,44
disney espanol,44
finlandssvenska musik,44
finnish rockabilly,44
western mass indie,43
hangoskonyvek,43
downtempo bass,43
psychedelic doom,43
taiwan pop,43
house argentino,43
folklore ecuatoriano,43
latin viral rap,43
musica colombiana instrumental,43
pop lgbtq+ brasileira,43
jazz house,43
historical keyboard,43
musica istmena,43
dmv rap,43
traditional southern folk,43
neo-psicodelia brasileira,43
norges stemme,43
tango,43
scottish indie folk,43
bmore,43
banjo,43
alternative r&b,43
latincore,43
hardcore techno,43
jazz trombone,43
modern dream pop,43
halloween,43
brazilian punk rock,43
seiyu,43
modern blues rock,43
detski pesnichki,43
muzica crestina,43
british soul,43
japanese singer-songwriter,43
jazz violin,43
brazilian emo,43
vaporwave,43
uwielbienie,43
south carolina indie,43
desi hip hop,43
german soundtrack,43
uk doom metal,43
experimental electronic,43
bc underground hip hop,43
irish indie,43
lo-fi house,43
smooth soul,43
finnish melodeath,43
deutsch disney,43
tone,43
rva indie,43
dutch tech house,43
trondersk musikk,43
uk reggae,43
galego,43
baroque woodwind,43
velha guarda,43
japanese electronic,43
float house,43
brazilian house,43
pakistani pop,43
classical trombone,43
swedish synthpop,43
rap montrealais,43
norwegian prog,42
christian afrobeat,42
meditation,42
monterrey indie,42
synthesizer,42
israeli rock,42
ok indie,42
hungarian edm,42
candombe,42
orquesta cubana,42
ethiopian traditional,42
musica antigua,42
denton tx indie,42
australian house,42
slovenian folk,42
spanish pop,42
german black metal,42
rap tunisien,42
canadian contemporary r&b,42
stomp and flutter,42
laiko,42
panamanian rock,42
paraguayan rock,42
afro house,42
pop chileno,42
japanese chill rap,42
gamelan,42
iowa indie,42
vintage chinese pop,42
minimal synth,42
indonesian indie rock,42
dessin anime,42
taiwan campus folk,42
neo soul,42
japanese emo,42
polish folk,42
nova musica maranhense,42
violao,42
speedcore,42
goralski,42
dfw rap,42
contemporary vocal jazz,42
mezmur,42
american orchestra,42
popping,42
bolero mexicano,42
vintage radio show,42
gochiusa,42
german viral rap,42
copla,42
italian soprano,42
polish blues,42
classic schlager,42
rap cristao,42
indian singer-songwriter,42
taiwan rock,42
deep melodic death metal,41
dutch disney,41
workout product,41
eventyr,41
final fantasy,41
russian viral pop,41
gothic alternative,41
shred,41
indie game soundtrack,41
iskelma,41
christian indie,41
pagode baiano,41
atlanta punk,41
crack rock steady,41
instrumental grime,41
techno argentina,41
frankfurt electronic,41
acoustic pop,41
danish electronic,41
novelty,41
ghazal,41
gbvfi,41
polish classical piano,41
north carolina metal,41
uk worship,41
rogaland musikk,41
belfast indie,41
ranchera,41
argentine alternative rock,41
rock drums,41
sertanejo tradicional,41
country boogie,41
indian underground rap,41
brazilian experimental,41
south african deep house,41
rock gaucho,41
retro metal,41
irish neo-traditional,41
magyar alternative,41
indiana hip hop,41
belgian punk,41
bubblegum pop,41
nyc rap,41
neo-kraut,41
rominimal,41
jazzy dnb,41
suomisaundi,41
rap tuga underground,41
lo-fi chill,41
experimental dub,41
british post-rock,41
kawaii edm,41
serbian hip hop,41
jovem guarda,41
uk experimental electronic,41
manipuri pop,41
latin american classical piano,41
bernu dziesmas,41
haitian traditional,41
latin talent show,41
norwegian alternative rock,41
digital hardcore,41
nueva cancion,41
musica portuguesa contemporanea,41
canto popular uruguayo,40
modern psychedelic folk,40
indian indie,40
munich electronic,40
min'yo,40
boogie-woogie,40
happy hardcore,40
campursari,40
euskal indie,40
lithuanian electronic,40
melodic hardcore,40
atl hip hop,40
musica gaucha,40
chanson virale,40
spanish folk rock,40
cook islands pop,40
czech metal,40
barnalog,40
bulgarian metal,40
israeli jazz,40
twee indie pop,40
modern country rock,40
dub reggae,40
colombian hardcore,40
j-pop,40
austrian jazz,40
pop nacional antigas,40
slovenian rock,40
modern big band,40
classic bollywood,40
vintage hollywood,40
geek folk,40
tibetan pop,40
classical piano duo,40
milwaukee indie,40
rap napoletano,40
tagalog worship,40
classic indonesian rock,40
beat italiano,40
scottish gaelic folk,40
russian techno,40
dub techno,40
basque folk,40
seattle hip hop,40
ninja,40
wrock,40
russian trap,40
cantonese worship,40
khaleeji iraqi,40
psytech,40
folklore paraguayo,40
mexican edm,40
reggaeton chileno,40
london indie,40
outsider,40
australian metal,40
albuquerque indie,40
forest psy,40
afro-cuban traditional,40
indie electronica,40
gothenburg metal,40
german romanticism,40
progressive jazz fusion,40
ukhc,40
cyberpunk,39
paidika tragoudia,39
ecm-style jazz,39
houston indie,39
new brunswick indie,39
early music choir,39
montreal indie,39
jig and reel,39
champeta,39
taiwan idol pop,39
yoik,39
hip house,39
art song,39
malaysian hip hop,39
musica sarda,39
chaotic hardcore,39
bongo flava,39
irish dance,39
charlotte nc indie,39
cancion infantil mexicana,39
australian pop,39
tibetan mantra,39
uilleann pipes,39
italian bass,39
highlife,39
alternative country,39
uk contemporary jazz,39
argentine punk,39
venezuelan hip hop,39
yaoi,39
street punk espanol,39
norwegian death metal,39
indie veneto,39
japanese jazz,39
throat singing,39
swedish heavy metal,39
cancoes infantis,39
horror synth,39
classic tollywood,39
beatboxing,39
uk dub,39
bay area indie,39
underground hip hop,39
ukrainian indie,39
galante era,39
nwothm,39
musica pernambucana,39
indonesian pop punk,39
plunderphonics,39
japanese indie folk,39
swedish techno,39
fussball,39
japanese jazz fusion,39
turkish classical performance,39
danish indie pop,39
acid trance,39
world devotional,39
ritmo kombina,39
modern alternative pop,39
indie folk argentino,39
cologne indie,39
avant-rock,39
samba gospel,39
folklore nuevo argentino,39
family gospel,39
chicago blues,39
modern funk,39
german singer-songwriter,38
french black metal,38
experimental indie,38
nu-cumbia,38
novo rock gaucho,38
alaska indie,38
peruvian punk,38
lithuanian edm,38
spanish classical piano,38
early american folk,38
bulgarian indie,38
dutch black metal,38
starmyu,38
midwest americana,38
belgian indie rock,38
opera chorus,38
rap belge,38
musica capixaba,38
folklore chileno,38
kizomba antigas,38
polish indie,38
nagpuri pop,38
merseybeat,38
brass ensemble,38
stateside dnb,38
afrobeat fusion,38
classical accordion,38
tahitian,38
italian soundtrack,38
rap romantico,38
rumba catalana,38
japanese chillhop,38
organic house,38
rap angolano,38
uk metalcore,38
thai folk pop,38
musica canaria,38
ska mexicano,38
galician folk,38
afghan traditional,38
canadian folk,38
finnish blues,38
danish folk,38
jazz rock,38
atmosphere,38
indie platense,38
gothic rock,38
tekk,38
kenyan pop,38
german cloud rap,38
neurofunk,38
instrumental post-rock,38
classic latvian pop,38
country quebecois,38
polish death metal,38
italian adult pop,38
african electronic,38
suomi rock,38
french orchestra,38
chanson paillarde,38
amapiano,38
alternative hip hop,38
footwork,38
symphonic power metal,38
metal tico,38
cha-cha-cha,38
instrumental bluegrass,38
garage punk blues,38
jewish cantorial,38
nyhc,38
long island punk,38
folclore castilla y leon,38
telugu devotional,38
indonesian edm,38
cuarteto,38
balfolk,38
neo-trad doom metal,38
american shoegaze,38
nightcore,38
chinese manyao,37
swedish death metal,37
reggae en espanol,37
australian metalcore,37
swiss classical piano,37
breakcore,37
kiwi rock,37
mahraganat,37
lo-fi vgm,37
rock progressif francais,37
swedish hardcore,37
brega,37
russian orchestra,37
telugu indie,37
konkani pop,37
rap underground argentino,37
post-black metal,37
marathi traditional,37
folk rock italiano,37
taiwan indie,37
malmo indie,37
dunedin sound,37
gauze pop,37
uzbek traditional,37
latin american heavy psych,37
rock quebecois,37
pagode novo,37
neon pop punk,37
viking folk,37
prog quebec,37
poezja spiewana,37
cryptic black metal,37
american 21st century classical,37
french rock,37
folclore navarra,37
disney portugues brasil,37
finnish edm,37
turkish soundtrack,37
russian trance,37
quran,37
omaha indie,37
italian modern prog,37
disney russian,37
goa psytrance,37
pub rock,37
alternative americana,37
finnish heavy metal,37
indie triste,37
singaporean pop,37
slack-key guitar,37
dutch classical piano,37
tucson indie,37
japanese alternative pop,37
finnish reggae,37
finnish tango,37
pop rock brasileiro,37
english indie rock,37
classical contralto,37
komedi,37
turkish rock,37
russian old school hip hop,37
folclor afrocolombiano,37
chinese instrumental,37
disney,37
dark jazz,37
schweizer rap,37
australian americana,37
australian indie rock,37
comptine,37
latvian folk,37
esperanto,37
russian rock,37
telugu worship,37
russian metalcore,37
flamenco urbano,37
gyerekdalok,37
punk colombiano,37
rkt,37
polynesian pop,37
spacewave,37
grime brasileiro,37
colombian pop,37
raw black metal,37
red dirt,37
power thrash,36
japanese metalcore,36
chant basque,36
musica brasiliense,36
southern metal,36
vbs,36
chamber choir,36
beninese pop,36
murcia indie,36
virginia metal,36
rap lyonnais,36
slam poetry,36
classic danish rock,36
experimental bass,36
jungle,36
cumbia lagunera,36
rap dominicano,36
hindi worship,36
classic garage rock,36
hmong pop,36
oberkrainer,36
sitar,36
milan indie,36
rap uruguayo,36
swedish folk pop,36
kora,36
dakke dak,36
classic danish pop,36
funeral doom,36
pittsburgh indie,36
acidcore,36
shiver pop,36
folklore quebecois,36
rautalanka,36
russian ccm,36
musique ancienne,36
belgian rock,36
indonesian death metal,36
russian emo,36
trival,36
gujarati garba,36
vgm instrumental,36
classic korean pop,36
italian contemporary jazz,36
future garage,36
scottish singer-songwriter,36
greenlandic pop,36
unblack metal,36
hungarian classical performance,36
idol kayo,36
turkish edm,36
french baroque,36
experimental r&b,36
latinx alternative,36
bouzouki,36
russian folk rock,36
new beat,36
protest folk,36
german tech house,36
vocal ensemble,36
british black metal,36
malayalam worship,36
lo-fi cover,36
comic,36
actors,36
swedish rock-and-roll,36
jazz catala,36
brazilian classical piano,36
latvian indie,36
sunshine pop,36
miami hip hop,36
canzone d'autore,36
lagu bali,36
puerto rican folk,36
old west,36
tamil devotional,36
oyun havasi,36
skinhead oi,36
rosario indie,36
caucasian folk,36
japanese dance pop,36
australian psych,36
danish alternative rock,36
historic orchestral performance,36
mandolin,36
jaw harp,36
brisbane indie,36
gabonese pop,36
rock gospel brasileiro,36
norwegian contemporary jazz,36
czsk reggae,36
pakistani indie,36
socal indie,36
spanish blues,36
malaysian tamil pop,36
kannada pop,35
azeri traditional,35
baltimore indie,35
halifax indie,35
musica mallorquina,35
cabaret,35
chinese audiophile,35
disco,35
finnish idol pop,35
deathrock,35
israeli singer-songwriter,35
big beat,35
trap triste,35
deep techno,35
tropical house,35
vegan straight edge,35
bedroom soul,35
historic classical performance,35
rajasthani folk,35
polish ambient,35
pei indie,35
metal catala,35
finnish hardcore,35
rap tico,35
macedonian pop,35
musica tradicional dominicana,35
ghanaian gospel,35
canadian indigenous,35
japanese concert band,35
slovenian indie,35
himachali pop,35
japanese electropop,35
canadian singer-songwriter,35
russian pop,35
dansei seiyu,35
dutch singer-songwriter,35
latvian rock,35
yiddish folk,35
comedy,35
idol rock,35
flamenco fusion,35
ryukoka,35
boeremusiek,35
grisly death metal,35
christian a cappella,35
hungarian indie,35
norwegian punk rock,35
chilean rock,35
ukrainian classical piano,35
south african pop,35
kolsche karneval,35
cumbia santafesina,35
anime cv,35
indian instrumental,35
classic nepali pop,35
kaneka,35
southeast asian post-rock,35
musica eletronica gospel,35
classic canadian rock,35
combos nacionales,35
progressive power metal,35
pop nacional,35
springfield mo indie,35
chicha,35
christian hardcore,35
microtonal,35
pop violin,35
progressive black metal,35
tech trance,35
belgian edm,35
argentine jazz,35
jazz flute,35
italian violin,35
fuji,35
latin soundtrack,35
japanese trap,35
dembow,35
danish singer-songwriter,35
boston metal,35
deep swedish rock,35
japanese choir,35
classic konkani pop,34
japanese rockabilly,34
alabama rap,34
breaks,34
prank,34
audiophile vocal,34
crust punk,34
guatemalan pop,34
modern jazz piano,34
japanese classical,34
guadalajara indie,34
salsa puertorriquena,34
st louis rap,34
korean superband,34
gqom,34
indie rock italiano,34
jazz chileno,34
austrian metal,34
portland punk,34
oi,34
czech classical piano,34
power-pop punk,34
canti alpini,34
leipzig indie,34
detske pesnicky,34
norwegian country,34
new wave pop,34
tavern,34
turkish psych,34
lilith,34
trap italiana,34
cosmic american,34
brass quintet,34
peruvian indie,34
old school nederhop,34
tassie indie,34
cleveland indie,34
classic bhangra,34
turkish punk,34
nerdcore brasileiro,34
deep melodic hard rock,34
musica evangelica instrumental,34
baglama,34
gnawa,34
albanian hip hop,34
togolese pop,34
slovak electronic,34
classical string trio,34
drill,34
recorder,34
pop folk,34
t-pop girl group,34
musica cabo-verdiana,34
musica popular uruguaya,34
classic greek pop,34
idaho indie,34
musica nicaraguense,34
ilahiler,34
japanese death metal,34
cork indie,34
modern mod,34
proto-rap,34
vgm remix,34
indie punk,34
eau claire indie,34
nintendocore,34
israeli metal,34
chilean metal,34
r&b en espanol,34
medway sound,34
german house,34
indie pop rock,34
aggro chileno,34
argentine indie rock,33
italian library music,33
vlaamse kinderliedje,33
vietnamese bolero,33
modular synth,33
classic moroccan pop,33
experimental house,33
psychokore,33
noel quebecois,33
brazilian post-hardcore,33
samurai trap,33
electronica chilena,33
german country,33
spanish indie folk,33
latin funk,33
canadian blues,33
yacht rock,33
british country,33
australian r&b,33
alternative pop,33
rap metal espanol,33
western americana,33
deep symphonic black metal,33
israeli techno,33
hungarian punk,33
musica occitana,33
baroque cello,33
mpb gospel,33
indonesian folk pop,33
italian progressive metal,33
brazilian metalcore,33
electroclash,33
uk post-punk revival,33
rap underground colombiano,33
nuevo folklore argentino,33
tuna,33
dc indie,33
bozlak,33
acoustic opm,33
italian metalcore,33
singaporean mandopop,33
canadian classical piano,33
japanese math rock,33
canadian experimental,33
italian pop,33
tamburica,33
reggaeton mexicano,33
musica paranaense,33
musica tropical guatemalteca,33
son cubano,33
native american flute,33
histoire pour enfants,33
duranguense,33
polish free jazz,33
finnish choir,33
salsa cristiana,33
dancehall colombiano,33
outsider house,33
classic j-rock,33
hungarian underground rap,33
finnish trap,33
south carolina hip hop,33
swedish idol pop,33
pennsylvania hardcore,33
candy pop,33
australian indie folk,32
pop venezolano,32
turkce remix,32
polish contemporary classical,32
vlaamse cabaret,32
guitarra portuguesa,32
futurepop,32
prog metal,32
indonesian city pop,32
portuguese folk,32
trinibad,32
pop teen brasileiro,32
swiss pop,32
auteur-compositeur-interprete quebecois,32
king of prism,32
basshall,32
uk dance,32
cypriot pop,32
rap rock,32
malayalam pop,32
finnish hip hop,32
dansk lovsang,32
power electronics,32
j-indie,32
europop,32
rock tico,32
chill pop,32
trikiti,32
greek clarinet,32
vogue,32
electronic rock,32
powerviolence,32
ghanaian pop,32
swiss rock,32
salsa peruana,32
ukrainian metal,32
muzica populara,32
northumbrian folk,32
indian metal,32
san diego indie,32
oktoberfest,32
quatuor a cordes,32
synth punk,32
serbian alternative rock,32
kc indie,32
lowlands hardcore,32
german blues,32
albany ny indie,32
russian electronic,32
japanese progressive house,32
trondheim indie,32
euroska,32
tagalog rap,32
korean trap,32
visor,32
russian death metal,32
buffalo ny indie,32
afro psych,32
italian blues,32
clean comedy,32
west coast reggae,32
spanish modern rock,32
swiss techno,32
latin house,32
pittsburgh rock,32
cambodian rock,32
vocal harmony group,32
action rock,32
vallenato moderno,32
comptine africaine,32
experimental indie rock,32
jamtronica,32
c86,32
gypsy fusion,32
melodic power metal,32
nordic post-rock,32
boston hardcore,32
austrian punk,32
guitarra argentina,32
cumbia colombiana regia,32
kavkaz,32
musica cristiana guatemalteca,32
australian singer-songwriter,32
necrogrind,32
yuri,32
depressive black metal,32
russian indie rock,32
nordic soundtrack,32
czech electronic,32
dunedin indie,32
gothic doom,32
punk chileno,32
pop rap,32
moroccan pop,32
funk bh,32
azeri rap,31
japanese shoegaze,31
sertanejo gospel,31
portland metal,31
finnish hard rock,31
drone metal,31
medieval ensemble,31
koligeet,31
rap boricua,31
dreamgaze,31
japanese pop rap,31
steampunk,31
nohay,31
arab folk,31
freakbeat,31
cathedral choir,31
folkmusik,31
croatian electronic,31
brasilia indie,31
balkan hip hop,31
exotica,31
musica baiana,31
british singer-songwriter,31
synth funk,31
deep idm,31
mongolian pop,31
canadian children's music,31
folclore santiagueno,31
melodic dubstep,31
dark folk,31
classical mandolin,31
socal pop punk,31
dutch death metal,31
funk das antigas,31
garage punk,31
albanian folk,31
virginia punk,31
chinese electropop,31
balkan classical piano,31
skramz,31
israeli mediterranean,31
magyar kabare,31
swedish post-punk,31
musica jibara,31
bristol indie,31
trap tuga,31
japanese heavy metal,31
samba moderno,31
oakland indie,31
puglia indie,31
belgian metal,31
pinoy reggae,31
post-doom metal,31
modern jazz trio,31
newfoundland indie,31
rock paraense,31
korean indie rock,31
black thrash,31
romanian folk,31
japanese experimental,31
rap feminino nacional,31
psychedelic folk rock,31
kwaito,31
baroque pop,31
polish techno,31
orebro indie,31
white noise,31
one-person band,31
murga,31
japanese ska,31
irish indie rock,31
hokkien pop,31
derby indie,31
toronto rap,31
italian classical guitar,31
bornehistorier,31
uk rockabilly,31
xhosa,31
neo-psychedelic,31
south african modern jazz,31
entehno,30
hardcore punk espanol,30
rhythm and blues,30
japanese old school hip hop,30
rap marseille,30
nu jazz,30
korean instrumental,30
classical piano,30
trad quebecois,30
funk melody,30
native american hip hop,30
italian trance,30
spanish synthpop,30
scottish indie rock,30
arpa paraguaya,30
victoria bc indie,30
hard techno,30
azontobeats,30
taraneem,30
arab groove,30
lagu sunda,30
indie viet,30
french post-rock,30
assyrian pop,30
jug band,30
german thrash metal,30
chamame brasilero,30
popwave,30
piada,30
viral rap,30
ska revival,30
punjabi folk,30
brazilian boogie,30
braindance,30
symphonic death metal,30
norwegian house,30
small room,30
rap latina,30
anime rock,30
navajo,30
new jersey indie,30
jalsat,30
nasyid,30
mundart,30
bubblegrunge,30
french techno,30
turntablism,30
cumbia boliviana,30
punk tuga,30
canadian soundtrack,30
sacramento hip hop,30
instrumental math rock,30
technical deathcore,30
mambo chileno,30
polish alternative rock,30
himalayan folk,30
brazilian bass,30
turin indie,30
indiana indie,30
irish electronic,30
funk 150 bpm,30
cavernous death metal,30
japanese teen pop,30
dubstep,30
cincinnati indie,30
indonesian hardcore,30
tallava,30
knoxville indie,30
salsa choke,30
metropopolis,30
disney portugues,30
trad jazz catala,30
chill guitar,30
mexican pop,30
aberdeen indie,30
arab alternative,30
zambian pop,30
modern jangle pop,30
keroncong,30
rock goiano,30
andalusian classical,30
experimental folk,30
ecuadorian alternative rock,30
gumbe,30
gundam,30
nederlandse hardstyle,30
classic japanese jazz,30
italian black metal,30
deep soundtrack,30
swedish singer-songwriter,30
folk siciliana,30
j-punk,30
kids dance party,29
dong-yo,29
spirituals,29
zeuhl,29
sovietwave,29
rakugo,29
korean underground rap,29
harmonica jazz,29
italian jazz fusion,29
russian chanson,29
nhac thieu nhi,29
nueva ola chilena,29
new england metal,29
australian classical piano,29
rwandan pop,29
denver rap,29
belarusian metal,29
jackin' house,29
bossa nova,29
russian dnb,29
scottish fiddle,29
blackgaze,29
charanga,29
austrian techno,29
bard,29
ukrainian black metal,29
nashville hip hop,29
kentucky mountain folk,29
punk catala,29
cueca chilena,29
austrian classical piano,29
chinese singer-songwriter,29
hard rock brasileiro,29
straight-ahead jazz,29
neapolitan funk,29
malaysian mandopop,29
sacramento indie,29
andean flute,29
truck-driving country,29
georgian alternative,29
rock alternativo brasileiro,29
samba-jazz,29
musica andina colombiana,29
pop minang,29
muzika l'yeladim,29
south african trap,29
baltimore hip hop,29
pop urbaine,29
ska chileno,29
new orleans indie,29
trap pesado,29
spanish jazz,29
metal paraguayo,29
austin rock,29
twee pop,29
fijian pop,29
viral pop brasileiro,29
romanian indie,29
bhojpuri pop,29
african gospel,29
asheville indie,29
ukrainian folk,29
ancient mediterranean,29
greek metal,29
nz reggae,29
oshare kei,29
funk capixaba,29
pop costarricense,29
ukg revival,29
musica cearense,29
tarantella,29
german pop rock,29
musica folk asturiana,29
arpa grande,29
cedm,29
danish electropop,29
mallet,29
canadian hardcore,29
cambodian pop,29
tango cancion,29
swiss singer-songwriter,29
eritrean pop,29
zurich indie,29
lithuanian hip hop,29
japanese edm,29
rock mineiro,29
son jarocho,29
estonian folk,29
west australian hip hop,29
anime latino,29
bengali folk,29
dream trance,29
dutch moombahton,29
hi-tech,29
argentine reggae,29
welsh choir,29
noise rock,28
brazilian rock,28
north carolina hip hop,28
chinese soundtrack,28
deep house,28
rochester ny indie,28
kent indie,28
stomp and holler,28
birdsong,28
pops orchestra,28
pop rap brasileiro,28
classic luk thung,28
tennessee metal,28
baithak gana,28
trio cubano,28
tamil hip hop,28
malayalam hip hop,28
thai rock,28
fort worth indie,28
javanese gamelan,28
samba-rock,28
russian alternative rock,28
irish ballad,28
japanese hardcore,28
ethio-jazz,28
progressive metalcore,28
modern old-time,28
big band,28
libyan pop,28
nottingham indie,28
dutch americana,28
dark rock,28
euphoric hardstyle,28
musique acadienne,28
sacred steel,28
lldm,28
latin classical,28
supergroup,28
naat,28
nueva trova chilena,28
luxembourgian indie,28
drone folk,28
slovenian electronic,28
german indie folk,28
jersey club,28
celtic harp,28
healing,28
korean phantom singer,28
jazz pop,28
ensemble stars,28
techno,28
musica afroperuana,28
chamber pop,28
norwegian hardcore,28
deathstep,28
ulkucu sarkilar,28
dutch experimental,28
electro-pop francais,28
streichquartett,28
vaqueiro,28
sheilat,28
pinoy hip hop,28
miami indie,28
rock independant francais,28
salsa venezolana,28
laboratorio,28
pinoy traditional,28
acid house,28
punk rock italiano,28
dutch punk rock,28
wind ensemble,28
pop peruano,28
danish modern jazz,28
punjabi hip hop,28
electronica venezuela,28
vinahouse,28
edinburgh indie,28
irish pub song,28
swiss house,28
melodic death metal,28
ontario indie,28
taiko,28
szanty,28
deep funk,28
swedish stoner rock,28
estonian metal,28
portuguese indie rock,28
acoustic guitar cover,28
scottish techno,28
bajki,28
rawstyle,28
south african country,28
nova canco,28
streektaal,28
norwegian choir,28
russian rave,28
nubian traditional,28
rock caipira,28
nuevo flamenco,28
pop virale italiano,28
icelandic jazz,28
bakersfield sound,28
progressive thrash,28
peruvian hip hop,27
christian deathcore,27
ska espanol,27
mongolian folk,27
technical brutal death metal,27
traditional irish singing,27
cologne electronic,27
congolese gospel,27
dronescape,27
marimba de guatemala,27
haur kantak,27
rock nica,27
chanson,27
hungarian techno,27
norrbotten indie,27
samba paulista,27
rock alternatif francais,27
nz metal,27
german dance,27
cape verdean folk,27
japanese power metal,27
jota aragonesa,27
german rockabilly,27
scottish hip hop,27
frenchcore,27
italo house,27
irish accordion,27
neotango,27
musica eletronica brasileira,27
jazz cubano,27
manso indie,27
punk mexicano,27
trip hop,27
thai folk rock,27
korean indie folk,27
swedish americana,27
new england americana,27
fo jing,27
nordic contemporary classical,27
belarusian electronic,27
modern chamber music,27
latin hip hop,27
musica crista reformada,27
estonian jazz,27
russian modern classical,27
afrikaans folk,27
mississippi indie,27
hamburg hip hop,27
children's folk,27
salsa colombiana,27
german dark minimal techno,27
chicago drill,27
swiss country,27
norwegian blues,27
trap peruano,27
kapa haka,27
jazz caraibes,27
nueva ola peruana,27
uk americana,27
classic tunisian pop,27
huayno popular,27
taiwanese pop,27
tamil indie,27
boy soprano,27
antilliaanse folklore,27
tongan pop,27
swing italiano,27
classic k-pop,27
scottish jazz,27
irish techno,27
ryukyu ongaku,27
liquid funk,27
experimental percussion,27
mexican metal,27
spanish death metal,27
british math rock,27
landler,27
grupera,27
leicester indie,27
rap portuense,27
molam,27
karneval,27
folk-pop,27
kinderliedjies,27
japanese piano,27
ambient techno,27
finnish electro,27
swedish doom metal,27
canadian indie,27
polish prog,27
french contemporary classical,27
cumbia peruana,27
brazilian lo-fi rock,26
paisley underground,26
greek indie rock,26
musica popular colombiana,26
estonian rock,26
ambient folk,26
screamo,26
classical tuba,26
texas punk,26
brazilian indie rock,26
groove gospel,26
deathgrass,26
asbury park indie,26
bluegrass gospel,26
musica maranhense,26
japanese guitar,26
german alternative rap,26
swedish metalcore,26
australian classical,26
volkspop,26
turkish reggae,26
australian experimental,26
experimental club,26
nisiotika,26
kawaii future bass,26
j-rock,26
boogie,26
bothy ballad,26
folklore venezolano,26
italian gothic metal,26
irish folk,26
post-punk mexicano,26
musica yucateca,26
samoan pop,26
indie napoletano,26
southampton indie,26
renaissance,26
okinawan folk,26
swiss worship,26
new jersey hardcore,26
czech contemporary classical,26
musical advocacy,26
tipico,26
military rap,26
christchurch indie,26
men's choir,26
folk cantabria,26
musica aragonesa,26
classical jazz fusion,26
indie canario,26
new york drill,26
manchester hip hop,26
british folk,26
zikir,26
erhu,26
ambient pop,26
cincinnati rap,26
dub brasileiro,26
latvian metal,26
blues latinoamericano,26
thai trap,26
palm desert scene,26
bow pop,26
russian reggae,26
xinyao,26
nova musica carioca,26
austin singer-songwriter,26
memphis indie,26
yemeni pop,26
brazilian techno,26
rock nacional brasileiro,26
pirate,26
rock cristiano,26
italian stoner rock,26
british orchestra,26
japanese prog,26
charred death,26
stuttgart indie,26
north carolina roots,26
latin surf rock,26
chinese indie rock,26
vintage french electronic,26
sound team,26
rap ecuatoriano,26
mariachi cristiano,26
italian electronica,26
middle east hip hop,26
american early music,26
bolero cubano,26
boogaloo,26
turkish electronic,26
fife and drum,26
russian post-rock,26
nz christian,26
early synthpop,26
russian synthpop,26
punk 'n' roll,26
greek folk,26
japanese soul,26
lagu jawa,26
indonesian indie pop,26
electra,26
latin ska,26
detroit indie,26
belgian experimental,26
musica piemonteisa,26
hip pop,26
field recording,26
mathcore,25
german r&b,25
gothic post-punk,25
jazz clarinet,25
greek drill,25
musica mapuche,25
deep big room,25
j-acoustic,25
indie paraense,25
moog,25
sudanese pop,25
cowboy western,25
neo-synthpop,25
reggaeton colombiano,25
german heavy metal,25
portuguese experimental,25
sardinia indie,25
vermont indie,25
rennes indie,25
cuento infantile,25
british modern classical,25
sega mauricien,25
russian contemporary classical,25
german dnb,25
russian gangster rap,25
classic greek rock,25
art punk,25
belgian dnb,25
rap nacional antigo,25
vaikiskos dainos,25
soviet synthpop,25
dresden indie,25
boy band,25
korean singer-songwriter,25
scottish americana,25
future rock,25
modern folk rock,25
darbuka,25
bahamian folk,25
swedish blues,25
seattle metal,25
hula,25
galician indie,25
queer country,25
polish post-punk,25
trap carioca,25
new jersey rap,25
musica purepecha,25
frauenrap,25
hip hop cubano,25
west-vlaamse hip hop,25
reggae tico,25
latintronica,25
nu-metalcore,25
children's choir,25
connecticut hardcore,25
german indie rock,25
experimental poetry,25
canterbury scene,25
italian opera,25
finnish new wave,25
bluegrass fiddle,25
finnish doom metal,25
musica goiana,25
russian choir,25
glam punk,25
chamber folk,25
magyar mulatos,25
modern cello,25
russian pop punk,25
japanese worship,25
rock catarinense,25
german stoner rock,25
brazilian percussion,25
spanish techno,25
belgian post-rock,25
british experimental,25
afrobeat brasileiro,25
swedish country,25
irish metal,25
pinoy metal,25
greek swing,25
canadian latin,25
virginia hip hop,25
brazilian post-rock,25
soul blues,25
japanese idm,25
pop soul,25
alabama indie,25
elephant 6,25
cologne hip hop,25
straight edge,25
belgian new wave,25
guitarra clasica,25
musica potosina,25
polish hardcore,25
scottish new wave,25
tabla,25
north carolina indie,25
finnish classical,25
kundiman,25
australian reggae fusion,25
indie rock colombiano,25
moroccan traditional,25
classic soul,25
south sudanese pop,25
swahili gospel,25
venezuelan indie,25
algerian folk,25
umea indie,25
oklahoma country,25
canadian post-rock,25
kenyan hip hop,25
zolo,25
trap cristao,25
thai indie pop,25
mexican classic rock,25
bush ballad,25
nyahbinghi,25
french experimental rock,25
indonesian emo rap,24
jump blues,24
classical guitar quartet,24
israeli classical piano,24
christian trap,24
thai folk,24
classic azeri pop,24
world meditation,24
beat poetry,24
usbm,24
uk82,24
rome indie,24
macedonian indie,24
cartoon,24
garhwali pop,24
dutch dnb,24
minneapolis punk,24
pinoy singer-songwriter,24
austin americana,24
honky tonk,24
chihuahua indie,24
rap sardegna,24
queens hip hop,24
hinos ccb,24
celtic rock,24
steel guitar,24
japanese psychedelic,24
michigan folk,24
singaporean punk,24
lgbtq+ hip hop,24
australian post-hardcore,24
psydub,24
musica alagoana,24
cinematic post-rock,24
experimental big band,24
wellington indie,24
spanish electronic,24
21st century classical,24
boston punk,24
indonesian punk,24
indian rock,24
baroque,24
latin jazz,24
pinoy idol pop,24
uk stoner rock,24
zouglou,24
franco-flemish school,24
uk post-hardcore,24
austro-german modernism,24
london on indie,24
pittsburgh rap,24
german renaissance,24
danish classical,24
trance mexicano,24
telugu hip hop,24
rock in opposition,24
dub,24
afrikaans gospel,24
australian post-punk,24
belgian classical piano,24
lawrence ks indie,24
canadian metalcore,24
8d,24
hawaiian indie,24
witch house,24
rap salvadoreno,24
neo kyma,24
viet instrumental,24
balkan trap,24
atmospheric doom,24
folclor colombiano,24
north east england indie,24
swedish experimental,24
baltic classical piano,24
portuguese post-rock,24
vintage cantonese pop,24
trap venezolano,24
arkansas indie,24
dutch experimental electronic,24
russian edm,24
folklore uruguayo,24
puerto rican pop,24
new zealand classical,24
ambient black metal,24
neue volksmusik,23
alphorn,23
worship,23
kurdish rock,23
croatian hip hop,23
punk ecuatoriano,23
musique comorienne,23
swedish classical,23
calgary indie,23
indian jazz,23
djembe,23
utah indie,23
essex indie,23
finnish progressive metal,23
swedish power metal,23
scandinavian r&b,23
rock dominicano,23
lincoln ne indie,23
junior eurovision,23
argentine hip hop,23
lo-fi brasileiro,23
british blues,23
mpb,23
vocal house,23
turkish modern jazz,23
italian ska,23
louisville indie,23
classic norwegian pop,23
ghanaian hip hop,23
techno rave,23
belarusian rock,23
german trance,23
rap criolo,23
arab trap,23
volkstumliche musik,23
italian mandolin,23
israeli punk,23
mountain dulcimer,23
classic australian country,23
dutch trap,23
contemporary jazz,23
corrido,23
gospel drill,23
kenyan alternative,23
chinese minyao,23
chopped and screwed,23
musica etnica,23
indie arequipeno,23
death doom,23
early us punk,23
progressive house,23
mevlevi sufi,23
italian death metal,23
east anglia indie,23
multidisciplinary,23
msica pitiusa,23
lebanese indie,23
thai instrumental,23
folklore panameno,23
greek downtempo,23
traditional english folk,23
jewish hip hop,23
danish metal,23
blackened crust,23
estonian electronic,23
reggae maghreb,23
psybass,23
acoustic rock,23
melodic black metal,23
hypnosis mic,23
desi trap,23
jacksonville indie,23
malaysian metal,23
spanish prog,23
danish choir,23
traditional country,23
middle eastern traditional,23
native american contemporary,23
macross,23
metalcore,23
flamenco guitar,23
punk rock mexicano,23
finnish alternative rock,23
rajasthani pop,23
virginia indie,23
galway indie,23
rap maromba,23
rap euskera,23
folklore peruano,23
trova mexicana,23
charlottesville indie,23
hypnosis,23
bells,23
rock alternativo espanol,23
musique pour enfant quebecois,23
folclore salteno,23
basel indie,23
bern indie,23
granada indie,23
oromo pop,23
chicago punk,23
nuevo regional mexicano,23
oceania soundtrack,23
hamburger schule,23
punk blues,23
grunge revival,23
detroit rock,23
uk christian rap,23
zim gospel,23
brill building pop,23
musica paraibana,23
spanish contemporary classical,23
finnish metal,23
salsa cubana,23
queercore,23
korean city pop,23
minneapolis sound,23
glam rock,23
jazz dominicano,23
persian electronic,23
48g,23
finnish soul,23
rock en asturiano,23
emo rap italiano,23
parody,23
christian metalcore,23
psychedelic space rock,23
russian oi,23
diy emo,23
atmospheric post-metal,23
norwegian classical,23
canadian metal,23
barnasogur,23
japanese girl punk,23
newcastle nsw indie,23
cuban alternative,22
egyptian pop,22
chinese folk,22
israeli folk,22
love live,22
mizrahi,22
slovenian hip hop,22
surinamese pop,22
cumbia andina mexicana,22
gujarati pop,22
erotica,22
russian jazz,22
arab electronic,22
reggae fusion,22
marathi devotional,22
gainesville indie,22
caucasian classical piano,22
german techno,22
belgian hardcore,22
mexican hardcore,22
russian ska,22
classic arab pop,22
japanese punk rock,22
pop argentino,22
balinese traditional,22
classic country pop,22
indian lo-fi,22
post-disco,22
malawian pop,22
christian metal,22
chaabi algerien,22
slowcore,22
ska jazz,22
math rock latinoamericano,22
german metal,22
dangdut remix,22
italian contemporary classical,22
zither,22
dusseldorf indie,22
musica menorquina,22
german indie pop,22
chinese electronic,22
pokemon,22
rockabilly en espanol,22
russian punk rock,22
country gospel,22
malian traditional,22
japanese indie pop,22
florida death metal,22
american romanticism,22
drill francais,22
icelandic classical,22
easy listening,22
pinoy alternative rap,22
classic hungarian rock,22
hardcore punk,22
nyc metal,22
post-rock latinoamericano,22
uk noise rock,22
mbira,22
punk euskera,22
dangdut koplo,22
marimba mexicana,22
experimental guitar,22
musica prehispanica,22
kyrgyz pop,22
rock curitibano,22
varmland rock,22
alternative ccm,22
lowercase,22
austrian indie,22
acid rock,22
indian electronic,22
experimental vocal,22
brazilian heavy metal,22
post-romantic era,22
merida indie,22
circus,22
danish contemporary classical,22
burundian pop,22
hungarian metal,22
romanian metal,22
swedish contemporary classical,22
funk paulista,22
japanese boom bap,22
ambient worship,22
western saharan folk,22
singing bowl,22
brazilian death metal,22
orlando indie,22
chaotic black metal,22
violao classico,22
gengetone,22
canadian choir,22
hard motivation,22
funk evangelico,22
jazz harp,22
experimental pop,22
german post-rock,22
instrumental death metal,22
rotterdam indie,22
new wave of osdm,22
polish choir,22
gulf hip hop,22
french renaissance,22
starogradska,22
bayerischer rap,22
huapango,22
cantonese traditional,22
vancouver metal,22
south african electronic,22
paraguayan indie,22
chennai indie,22
egyptian traditional,21
nordic ambient,21
chinese indie,21
viet lo-fi,21
disney horspiele,21
musica para criancas,21
swancore,21
german electronica,21
west virginia indie,21
maldivian pop,21
uk beatdown,21
koto,21
serbian metal,21
korean traditional,21
fourth world,21
canadian indie folk,21
swedish house,21
mexican pop punk,21
danish pop rock,21
modular techno,21
industrial metal,21
transpop,21
dub punk,21
italian post-rock,21
uae indie,21
new orleans rap,21
jazz accordion,21
wisconsin metal,21
bronx hip hop,21
danish punk,21
drone ambient,21
finnish techno,21
quebec punk,21
nz dnb,21
neo-progressive,21
tampa indie,21
italogaze,21
antilliaanse rap,21
black punk,21
rap catala,21
experimental classical,21
rogaland indie,21
folclore jujeno,21
tigrigna pop,21
middle earth,21
trap baiano,21
g funk,21
trap dominicano,21
haitian gospel,21
korean metal,21
neo-trad metal,21
cuban rumba,21
peruvian metal,21
musique guadeloupe,21
chilean hardcore,21
turkish post-punk,21
italian mezzo-soprano,21
zim urban groove,21
egyptian alternative,21
taiwan classical performance,21
medieval,21
cumbia chilena,21
indonesian emo,21
musica mato-grossense,21
zimdancehall,21
greek jazz,21
pinoy pop punk,21
brazilian jazz,21
jazz colombiano,21
polynesian hip hop,21
german alternative rock,21
canadian contemporary country,21
indonesian blues,21
quartetto d'archi,21
british electroacoustic,21
collage pop,21
piano mpb,21
punk tico,21
russian dance,21
san antonio indie,21
r&b argentino,21
russian thrash metal,21
indie boliviano,21
baroque brass,21
coptic hymn,21
rock brasiliense,21
swiss alternative rock,21
east coast reggae,21
icelandic folk,21
humppa,21
afro soul,21
military cadence,21
wassoulou,21
musique concrete,21
pop paraguayo,21
french dub,21
rap kreyol,21
folclore extremeno,21
canadian electropop,21
indie catracho,21
little rock indie,21
ska catala,21
gabba,21
merengue tipico,21
pygmy music,21
oriental classical,21
alberta hip hop,21
texas blues,21
lithuanian rock,21
bardcore,21
rap mineiro,21
jazz venezolano,21
oud,21
swedish soul,21
german ska,21
austrian orchestra,21
ethnomusicology,21
new england emo,21
chechen pop,21
veracruz indie,21
limerick indie,21
modern electroacoustic,21
louvor icm,21
french romanticism,21
dizi,21
electropop,20
sakura wars,20
dayton indie,20
norwegian experimental,20
appenzeller folk,20
png pop,20
indie hidrocalido,20
norsk lovsang,20
north dakota indie,20
australian ska,20
alte,20
utah metal,20
psychedelic jazz fusion,20
candomble,20
electronica argentina,20
metal gotico,20
kansas indie,20
ottawa rap,20
korean classical performance,20
chinese metal,20
cosmic post-rock,20
concertina,20
cumbia paraguaya,20
bal-musette,20
italian heavy metal,20
norwegian singer-songwriter,20
brain waves,20
baton rouge rap,20
polish psychedelia,20
rap malien,20
rock viet,20
indie nica,20
kleinkunst,20
chill baile,20
trap boricua,20
gypsy punk,20
scottish electronic,20
hardcore,20
french tech house,20
chinese jazz,20
funk pop,20
australian death metal,20
odia bhajan,20
compositional ambient,20
glitch,20
indonesian psychedelia,20
alabama metal,20
spanish post-rock,20
hiplife,20
warm drone,20
dark cabaret,20
brass band,20
vietnamese singer-songwriter,20
nz singer-songwriter,20
progressive death metal,20
indie psychedelic rock,20
spanish stoner rock,20
latvian electronic,20
trancecore,20
israeli trap,20
spanish black metal,20
musique alsacienne,20
persian rock,20
progressive sludge,20
space ambient,20
early romantic era,20
new tribe,20
bansuri,20
rabindra sangeet,20
soft rock,20
norrlandsk hip hop,20
rwandan gospel,20
danish experimental,20
thall,20
italian new wave,20
hong kong rock,20
anglican liturgy,20
el paso indie,20
polish rock,20
indonesian shoegaze,20
chinese classical,20
progressive technical death metal,20
ny roots,20
south african alternative,20
touken ranbu,20
drill espanol,20
432hz,20
kannada hip hop,20
polish experimental electronic,20
icelandic metal,20
romanian contemporary classical,20
livetronica,20
bodo pop,20
south african punk,20
saxony metal,20
psicodelia brasileira,20
italian orchestra,20
pop rock,20
japanese house,20
carnatic,20
guatemalan metal,20
classical performance,20
melodic thrash,20
mexican tech house,20
musica sergipana,20
latin arena pop,20
philly drill,20
new jack swing,20
j-idol,20
argentine hardcore,20
persian neo-traditional,20
barbadian pop,20
afrofuturism,20
war metal,20
christian hard rock,20
south african choral,20
salzburg indie,20
german drill,20
polish post-rock,20
bomba y plena,20
chinese classical piano,20
sertanejo universitario,20
pinoy r&b,20
musica valenciana,20
sundanese traditional,20
tempe indie,20
african-american classical,20
russian punk,20
atlanta metal,20
dutch prog,20
mandible,20
denpa-kei,20
rap galego,19
comedy rap,19
vocal jazz,19
industrial black metal,19
sci-fi metal,19
rave,19
variete francaise,19
indonesian post-hardcore,19
belgian death metal,19
metal ecuatoriano,19
indonesian ska,19
jain bhajan,19
indie siciliano,19
canadian stoner rock,19
no wave,19
ska argentino,19
danish post-punk,19
firenze indie,19
brazilian black metal,19
rio grande do sul indie,19
phleng phuea chiwit,19
cantonese opera,19
latin pop,19
glam metal,19
croatian rock,19
musica piauiense,19
burkinabe pop,19
macedonian electronic,19
deathrash,19
swiss reggae,19
indonesian r&b,19
eurodance,19
turkish experimental,19
croatian metal,19
vintage finnish jazz,19
old school thrash,19
riddim dubstep,19
liberian pop,19
australian comedy,19
serbian indie,19
west yorkshire indie,19
belgian blues,19
finnish modern jazz,19
psychedelic hip hop,19
belgian singer-songwriter,19
asakaa,19
polish synthpop,19
buffalo ny metal,19
taiwan singer-songwriter,19
indie cristao,19
ghent indie,19
sotalaulut,19
danish electro,19
plena uruguaya,19
japanese bedroom pop,19
kyushu indie,19
lagu aceh,19
mambo,19
glitch pop,19
downtempo,19
dutch r&b,19
jazz metal,19
indonesian idol pop,19
french indie folk,19
alberta country,19
new orleans americana,19
flemish folk,19
funk,19
hurdy-gurdy,19
french garage rock,19
irish modern jazz,19
norwegian trap,19
quebec death metal,19
christlicher rap,19
devon indie,19
metalcore espanol,19
russian folk metal,19
texas pop punk,19
croatian folk,19
polish thrash metal,19
metal gaucho,19
future house,19
goregrind,19
korean mask singer,19
spanish experimental,19
australian black metal,19
polish indie rock,19
piedmont blues,19
australian shoegaze,19
brazilian soul,19
technical death metal,19
marimba,19
portsmouth indie,19
musica angolana,19
irish underground rap,19
folk,19
nashville americana,19
german hard rock,19
experimental psych,19
afroswing,19
indie rock peruano,19
brazilian tech house,19
funana,19
neo-crust,19
papuri,19
polish experimental,19
indie curitibano,19
celtic,19
melodic deathcore,19
tanzanian traditional,19
japanese vocal jazz,19
skansk musik,19
guqin,19
heavy psych,19
handbells,19
indie rock,19
brega romantico,19
chillwave,19
harlem renaissance,19
binaural,19
oulu indie,19
arabic jazz,19
flamenco,19
uk dancehall,19
shoegaze brasileiro,19
coventry indie,18
rumba congolaise,18
opera metal,18
italian pop punk,18
autoharp,18
czech classical,18
psychedelic pop,18
canberra indie,18
turkce trap metal,18
progressive bluegrass,18
forro de favela,18
cantautor catala,18
tunisian pop,18
brazilian classical,18
experimental synth,18
rap regio,18
french oi,18
martial industrial,18
rap chretien,18
greek black metal,18
russian heavy metal,18
rock piauiense,18
indie folk,18
gotlandsk musik,18
leipzig electronic,18
ottawa indie,18
rap conciencia,18
garage rock revival,18
hungarian contemporary classical,18
brooklyn drill,18
tibetan traditional,18
turkish trap,18
french metal,18
post-hardcore,18
string folk,18
jordanian pop,18
swamp rock,18
charango,18
finnish progressive rock,18
greek rock,18
japanese celtic,18
shakuhachi,18
musica potiguar,18
trap metal italiana,18
uplifting trance,18
sufi chant,18
diva house,18
kazakh indie,18
swedish psychedelic rock,18
bleep techno,18
french hardcore,18
spanish post-punk,18
convent,18
dainuojamoji poezija,18
emoviolence,18
fisarmonica,18
melancholia,18
lancaster pa indie,18
isle of wight indie,18
nu skool breaks,18
japanese pop punk,18
rock potiguar,18
electronica peruana,18
russian black metal,18
salay,18
forro manauara,18
french post-punk,18
dark black metal,18
jazz piano,18
rock keyboard,18
spanish progressive rock,18
boston electronic,18
latino comedy,18
pakistani hip hop,18
kalmar indie,18
auckland indie,18
french psychedelic,18
quebec indie,18
pixie,18
musica juiz-forana,18
rock gotico,18
delta blues,18
bluegrass,18
russian nu metal,18
haitian dance,18
choro contemporaneo,18
ambient trance,18
euphonium,18
mexican post-rock,18
moldovan pop,18
dusseldorf electronic,18
post-punk brasileiro,18
cardiff indie,18
musique soninke,18
electronica cristiana,18
rock catracho,18
louisiana metal,18
sound collage,18
washington indie,18
polish classical,18
luxembourgian hip hop,18
spanish renaissance,18
punta,18
maine hip hop,18
russian metal,18
math rock,18
late romantic era,18
pornogrind,18
musica lombarda,17
tamaulipas rap,17
old school uk hip hop,17
torch song,17
syrian pop,17
lounge,17
jewish a capella,17
kentucky indie,17
zen,17
ambient industrial,17
venezuelan metal,17
rock alagoano,17
russian power metal,17
german post-punk,17
australian techno,17
canadian punk,17
irish drill,17
nordic folk metal,17
swiss trap,17
louisville underground,17
honky-tonk piano,17
bible,17
slovak metal,17
graz indie,17
folclore tucumano,17
samba,17
musique mandingue,17
operetta,17
jamgrass,17
classic nz country,17
reggae mexicano,17
musica rapa nui,17
coldwave,17
d-beat,17
sungura,17
hull indie,17
jazztronica,17
industrial hardcore,17
swiss experimental,17
instrumental stoner rock,17
electro-industrial,17
french dnb,17
desert blues,17
russian shoegaze,17
string orchestra,17
trap colombiano,17
tuvan folk,17
denver metal,17
korean electropop,17
australian choir,17
colorado hardcore,17
clawhammer banjo,17
cape breton indie,17
rockabilly,17
spanish rockabilly,17
arkansas country,17
bohemian baroque,17
death industrial,17
russian experimental electronic,17
canadian psychedelic rock,17
belgian contemporary classical,17
swedish post-hardcore,17
greek punk,17
darksynth,17
voidgaze,17
canadian ccm,17
polynesian traditional,17
austin hip hop,17
big room,17
bosnian indie,17
spanish baroque,17
free folk,17
xtra raw,17
delaware indie,17
cuatro venezolano,17
sludgecore,17
finnish post-punk,17
byzantine,17
progressive doom,17
cerkes muzikleri,17
australian post-rock,17
indie liguria,17
space rock,17
gwoka,17
bolero,17
lithuanian metal,17
christian hip hop,17
indian folk,17
synthetic classical,17
instrumental rock,17
brazilian ska,17
industrial noise,17
ambient house,17
chicano punk,17
chattanooga indie,17
cowpunk,17
atmospheric sludge,17
indie pop,17
chinese wind,17
bangladeshi indie,17
mexican classical,17
cimbalom,17
south african metal,17
bosnian electronic,17
ska punk,17
raw techno,17
shamisen,17
birthday,17
indonesian metal,16
theremin,16
canadian rock,16
english baroque,16
dutch rock,16
house,16
rwandan hip hop,16
norwegian techno,16
drone rock,16
san antonio rap,16
polish metal,16
swiss indie folk,16
inuit pop,16
polish early music,16
ann arbor indie,16
portuguese techno,16
frankfurt indie,16
sambass,16
central asian folk,16
neue deutsche todeskunst,16
turkce drill,16
isle of man indie,16
jazz tuba,16
russian grime,16
western ny metal,16
metal noir quebecois,16
hindi hip hop,16
atmospheric dnb,16
british death metal,16
funk metal,16
guatemalan indie,16
coral gospel,16
roda de samba,16
somatik techno,16
fluxwork,16
melodic metal,16
austrian contemporary classical,16
shoegaze chileno,16
ohio indie,16
death 'n' roll,16
finnish psychedelic rock,16
norwegian psychedelic,16
arab metal,16
dutch folk,16
irish banjo,16
pakistani folk,16
musica mocambicana,16
rock progresivo mexicano,16
mizo pop,16
amharic pop,16
glass,16
black death,16
gaita zuliana,16
lund indie,16
classic finnish pop,16
arkansas metal,16
political hip hop,16
nepali indie,16
women's music,16
psychedelic punk,16
arabic hip hop,16
new weird finland,16
saskatchewan indie,16
swedish pop rap,16
soul jazz,16
stride,16
slovenian metal,16
swedish electropop,16
nordnorsk rap,16
nigerian hip hop,16
galician jazz,16
burmese traditional,16
musica sul-mato-grossense,16
japanese soundtrack,16
reggae gaucho,16
japanese dream pop,16
australian rockabilly,16
rap ivoire,16
berlin school,16
indonesian neo-psychedelia,16
sanfona,16
hawaiian hip hop,16
dortmund indie,16
mexican rock,16
namibian pop,16
mexican experimental,16
finnish metalcore,16
nova musica amazonense,16
bandoneon,16
street band,16
cumbia surena,16
minneapolis metal,16
indie folk italiano,16
h8000,16
pibroch,16
forro gospel,16
derry indie,16
drum and bass,16
metal paranaense,16
newcastle indie,16
punk melodico chileno,16
greek techno,16
musica sinfonica,16
belgian black metal,16
uk post-metal,16
kantele,16
korean electronic,16
electro house,16
nz children's music,16
irish contemporary classical,16
mongolian hip hop,16
luk thung,16
country rock,16
cornwall indie,16
brazilian punk,16
8-bit,16
tajik pop,16
anime game,16
kentucky punk,15
rock andaluz,15
shaabi,15
guam indie,15
synthwave brasileiro,15
florida hardcore,15
sarangi,15
scottish smallpipe,15
indian techno,15
piano rock,15
french stoner rock,15
euskal metal,15
rap capixaba,15
tulsa indie,15
puerto rican metal,15
st petersburg fl indie,15
icelandic experimental,15
contemporary choir,15
detroit techno,15
kentucky metal,15
post-minimalism,15
taiwan metal,15
deathcore,15
electroacoustic composition,15
sevilla indie,15
aussie emo,15
canadian americana,15
traditional blues,15
melodic metalcore,15
concepcion indie,15
pinoy edm,15
nitzhonot,15
trinidadian reggae,15
kaba gaida,15
faroese indie,15
chakra,15
kingston on indie,15
italian choir,15
memphis americana,15
guzheng,15
danish death metal,15
traditional folk,15
taiwan experimental,15
aarhus indie,15
singaporean hip hop,15
nz hardcore,15
yugoslav new wave,15
welsh hip hop,15
american grindcore,15
motown,15
slamming deathcore,15
duluth indie,15
baiao,15
birmingham grime,15
minimal dnb,15
greek contemporary classical,15
orkney and shetland folk,15
christian thrash metal,15
grindcore,15
uppsala indie,15
harmonikka,15
pipa,15
russian romanticism,15
bisaya rap,15
pop electronico,15
trap catala,15
thai metal,15
colombian electronic,15
neo classical metal,15
indie tucumano,15
korean jazz,15
japanese post-punk,15
grave wave,15
cybergrind,15
oxford choir,15
ukrainian experimental,15
rhode island rap,15
finnish electronic,15
harlem hip hop,15
mexican death metal,15
new orleans funk,15
austrian dnb,15
police band,15
viet edm,15
dalarna indie,15
sound art,15
sarod,15
samba reggae,15
chutney,15
canadian death metal,15
coupe-decale,15
kannada bhava geethe,15
finnish pop punk,15
bisaya indie,15
norwegian folk rock,14
drill and bass,14
brazilian power metal,14
japanese psychedelic rock,14
canadian celtic,14
lancashire indie,14
italian gothic,14
afrofuturismo brasileiro,14
punk galego,14
folktronica,14
yoga,14
nightrun,14
brazilian surf rock,14
swedish dancehall,14
new hampshire indie,14
japanese post-rock,14
drill tuga,14
rock of gibraltar,14
windsor on indie,14
maloya,14
italian romanticism,14
norwegian doom metal,14
instrumental soul,14
rock pernambucano,14
kolkata indie,14
japanese new wave,14
classic girl group,14
japanese garage rock,14
italian industrial,14
halftime dnb,14
central american metal,14
pop punk,14
swedish emo,14
rap baiano,14
gothabilly,14
kosovan pop,14
metal salvadoreno,14
colombian black metal,14
gothic symphonic metal,14
hokkaido indie,14
okc indie,14
palestinian pop,14
syro-aramaic chant,14
indonesian alternative rock,14
jazz funk,14
latin metal,14
tennessee hip hop,14
romanian classical piano,14
galician rock,14
canto a tenore,14
pittsburgh metal,14
bath indie,14
classical guitar duo,14
italian experimental,14
bandolim,14
wisconsin indie,14
faroese folk,14
canadian pop punk,14
caracas indie,14
tech house,14
bahamian pop,14
university choir,14
west virginia metal,14
nyckelharpa,14
san marcos tx indie,14
finnish experimental,14
belfast metal,14
afro r&b,14
freak folk,14
nz punk,14
spa,14
metal mineiro,14
italian hardcore,14
ilocano pop,14
metal catarinense,14
psychedelic rock,14
rock paraibano,14
rap paraguayo,14
sleaze rock,14
northeast indian indie,14
austrian stoner rock,14
honeyworks,14
indie extremena,14
ritual ambient,14
swansea indie,14
austrian black metal,14
griot,14
latin afrobeat,14
psicodelia mexicana,14
swedish progressive metal,14
second line,14
icelandic choir,14
musica indigena brasileira,14
italian post punk,14
technical grindcore,14
metal uruguayo,14
via,14
nadaswaram,14
arab experimental,14
ebm,14
nuevo folklore mexicano,14
early french punk,14
german pagan metal,14
trap funk,14
metal galego,14
oakland hip hop,14
modern blues,14
argentine ambient,13
dub metal,13
oc indie,13
african experimental,13
nz folk,13
irish experimental electronic,13
reggae peruano,13
rock abc paulista,13
canadian psychedelic,13
hindi indie,13
nashville sound,13
lezginka,13
spanish folk metal,13
wyoming indie,13
language,13
new york death metal,13
hungarian black metal,13
musica andorra,13
russian alt pop,13
yodeling,13
igbo worship,13
iranian experimental,13
caucasian classical,13
technical thrash,13
rock nacional feminino,13
portuguese contemporary classical,13
bloco,13
canadian old school hip hop,13
montenegrin pop,13
southern soul,13
frevo,13
hungarian choir,13
piseiro,13
faroese rock,13
swedish indie folk,13
duduk,13
new jersey punk,13
kikuyu gospel,13
flute rock,13
chilean black metal,13
french synthpop,13
indian fusion,13
musica londrinense,13
technical groove metal,13
waiata mo tamariki,13
chinese classical performance,13
brazilian contemporary classical,13
musique peule,13
christian rock,13
japanese post-hardcore,13
missouri indie,13
italian rockabilly,13
austrian choir,13
reading indie,13
madchester,13
bristol electronic,13
minnesang,13
poznan indie,13
new wave of glam metal,13
lexington ky indie,13
jazz fusion,13
greek guitar,13
arizona punk,13
cape breton folk,13
rock baiano,13
french shoegaze,13
bitpop,13
japanese blues,13
slovak rock,13
leon gto indie,13
emo punk,13
winnipeg hip hop,13
fremantle indie,13
mexican black metal,13
morelos indie,13
musica campista,13
taiwan punk,13
reggaeton cristiano,13
german shoegaze,13
nice indie,13
welsh metal,13
musica de intervencao,13
historic string quartet,13
indie queretano,13
musica catalana,13
kentucky roots,13
brazilian grindcore,13
manila sound,13
rock cearense,13
balalaika,13
eletronica underground brasileira,13
texas hardcore,13
sinhala rap,13
bangladeshi rock,13
georgian folk,13
norteno,13
modern salsa,13
italian occult psychedelia,13
aghani lil-atfal,13
latin american baroque,13
progressive groove metal,12
new wave of speed metal,12
canadian shoegaze,12
gothic black metal,12
brazilian metal,12
korean old school hip hop,12
dundee indie,12
emocore,12
moravian folk,12
german post-hardcore,12
joropo,12
normal indie,12
bolivian metal,12
korean punk,12
belarusian pop,12
baltic choir,12
experimental black metal,12
hammered dulcimer,12
dc hardcore,12
hard bop,12
chinese opera,12
scottish metal,12
new isolationism,12
memphis blues,12
post-metal,12
brazilian rockabilly,12
grebo,12
dub poetry,12
swedish electronic,12
british invasion,12
baton rouge indie,12
danish rock,12
tijuana electronic,12
sophisti-pop,12
brit funk,12
raggatek,12
polish noise rock,12
rock sul-mato-grossense,12
channel islands indie,12
senegalese traditional,12
techno kayo,12
south african rock,12
south asian metal,12
speed garage,12
serbian folk,12
igbo traditional,12
fort wayne indie,12
argentine rock,12
contemporary classical,12
sinaloa indie,12
indonesian rock,12
nephop,12
album rock,12
northamptonshire indie,12
manitoba country,12
progressive metal,12
classic russian rock,12
brazilian dnb,12
dance pop,12
black 'n' roll,12
belarusian punk,12
gambian pop,12
bebop,12
japanese black metal,12
singaporean electronic,12
women's choir,12
country blues,12
trance,12
flint hip hop,12
bangladeshi hip hop,12
papuan traditional,12
carimbo,12
synthpop,12
rap toscana,12
rock campineiro,12
german grindcore,12
musica santomense,12
animal singing,12
rap abc paulista,12
indie nordeste argentino,12
trombone brasileiro,12
korean dream pop,12
post-punk argentina,12
christian power metal,12
boston folk,12
reggae catala,12
uyghur folk,12
surf punk,12
j-metal,11
batida,11
musique traditionnelle comorienne,11
musica hondurena,11
irish experimental,11
belgian stoner rock,11
country rap,11
iranian metal,11
partido alto,11
prepared piano,11
canadian post-hardcore,11
madrigal,11
canadian black metal,11
musica indigena latinoamericana,11
water,11
victorian britain,11
lo-fi emo,11
south carolina metal,11
urban contemporary,11
zim hip hop,11
mathgrind,11
african metal,11
singaporean metal,11
russian drill,11
canzone genovese,11
electric blues,11
pop dance,11
norman ok indie,11
cleveland metal,11
indian violin,11
proto-techno,11
portuguese black metal,11
rap catarinense,11
dabke,11
northern irish punk,11
early modern classical,11
world worship,11
ccm,11
gothenburg hip hop,11
semarang indie,11
juju,11
glee club,11
lovecraftian metal,11
italian doom metal,11
ambient,11
adult standards,11
montana roots,11
edinburgh metal,11
gaita,11
mexican thrash metal,11
swedish drill,11
lafayette indie,11
tribute,11
us power metal,11
folklore veracruzano,11
argentine heavy metal,11
russian screamo,11
black noise,11
zampogna,11
israeli classical,11
pinoy trap,11
taiwanese indie,11
south dakota indie,11
virgin islands reggae,11
birmingham hip hop,11
hip hop boliviano,11
italian metal,11
jangle pop,11
irish classical,11
shehnai,11
tulum,11
cambridge choir,11
japanoise,11
sonora indie,11
musica campineira,11
noisecore,11
ukrainian classical,11
piano blues,11
atmospheric black metal,11
emo mexicano,10
yunnan traditional,10
chicago house,10
danish black metal,10
r&b italiano,10
slavic metal,10
batidao romantico,10
brazilian progressive metal,10
indie surf,10
swedish grindcore,10
italian folk metal,10
kyrgyz traditional,10
neoclassicism,10
contemporary country,10
trap,10
ainu folk,10
deconstructed club,10
nantes indie,10
worcester ma indie,10
ai,10
rap antillais,10
mexican techno,10
comic metal,10
cimbalova muzika,10
funk rock,10
alternative metal,10
cancion melodica,10
pop ambient,10
shanghai indie,10
canadian indigenous hip hop,10
british power metal,10
mande pop,10
conscious hip hop,10
breakbeat,10
rap cearense,10
shantykoren,10
tijuana indie,10
hi-nrg,10
montana indie,10
industrial hip hop,10
old school hip hop,10
microhouse,10
electronic djent,10
turkish black metal,10
reggae cristao,10
lo-fi,10
balafon,10
brockton hip hop,10
mississippi hip hop,10
icelandic traditional,10
new england experimental,10
malaysian punk,10
circassian folk,10
purple sound,10
gaian doom,10
forro instrumental,10
tanci,10
baja indie,10
north carolina emo,10
indie rock mexicano,10
black metal argentino,10
autonomous black metal,10
youth orchestra,10
cocuk masallari,10
salsa,10
american primitive,10
ugandan traditional,10
impressionism,10
singaporean singer-songwriter,10
swedish metal,10
ghanaian alternative,10
latin shoegaze,10
okinawan pop,10
german power metal,10
australian ambient,10
indie soul,10
twoubadou,10
chicago hardcore,10
danish hardcore,10
portuguese death metal,10
danish techno,10
warrington indie,10
black speed metal,10
girl group,10
mumbai indie,10
mexican power metal,10
tennessee experimental,10
reggae tuga,10
samba de roda,10
epic doom,10
italian power metal,10
mestissatge,10
avant-garde jazz,10
indonesian electronic,9
southern rock,9
choral,9
minimal techno,9
thai traditional,9
indian instrumental rock,9
canadian post-punk,9
heartland rock,9
veena,9
new americana,9
zambian hip hop,9
british industrial,9
pilates,9
cambodian traditional,9
spanish psychedelic rock,9
reiki,9
cypriot metal,9
melodic rap,9
latin alternative,9
indietronica,9
arkansas hip hop,9
blues mexicano,9
grunge brasileiro,9
cosmic black metal,9
kawaii metal,9
rap paranaense,9
rap baixada fluminense,9
indian percussion,9
santur,9
sertanejo,9
italian post-hardcore,9
melodic doom,9
therapy,9
pakistani rock,9
crossover thrash,9
psychedelic soul,9
lai hla,9
oulu metal,9
folk metal latinoamericano,9
disco house,9
portuguese early music,9
horror punk brasileiro,9
contemporary post-bop,9
weightless,9
technical melodic death metal,9
musica amapaense,9
solomon islands pop,9
kansas hip hop,9
west coast rap,9
taiwan electronic,9
york indie,9
polca paraguaya,9
appalachian folk,9
nordnorsk ponk,9
early music,9
swiss contemporary classical,9
garifuna folk,9
lao traditional,9
yorkshire folk,9
serialism,9
bangalore indie,9
bergamo indie,9
trap cristiano,9
melodic groove metal,9
canadian rockabilly,9
bulgarian experimental,9
musica caririense,9
philly soul,9
wyoming roots,9
trap latino,9
panamanian indie,8
hardcore hip hop,8
musica mogiana,8
rock sergipano,8
stoner rock,8
musica rondoniense,8
indie michoacano,8
cape town indie,8
taarab,8
czsk black metal,8
canadian garage rock,8
anadolu rock,8
indonesian black metal,8
korean classical piano,8
oriental metal,8
christian alternative rock,8
indonesian bamboo,8
modern rock,8
c-pop,8
cante alentejano,8
brazilian groove metal,8
ars subtilior,8
roots reggae,8
celtic metal,8
eugene indie,8
swedish gangsta rap,8
j-pixie,8
old-time,8
medieval folk,8
hampton roads indie,8
cornish folk,8
avant-garde black metal,8
brass band brasileiro,8
banda,8
trallalero,8
pagan black metal,8
school ensemble,8
ngoni,8
maracatu,8
belarusian hip hop,8
kikuyu pop,8
christian music,8
metal pernambucano,8
norwegian metal,8
dhrupad,8
jazz tico,8
musica roraimense,8
ukrainian choir,8
men chika,8
chicago soul,8
neoclassical darkwave,8
symphonic metal,8
marrabenta,8
chinese punk,8
french opera,8
ethereal wave,8
greek psychedelic rock,8
polyphony,8
musica blumenauense,8
birmingham metal,8
swamp blues,8
swing,8
tuareg guitar,8
finnish contemporary classical,8
metal cearense,7
alternative rock,7
post-punk,7
garage rock mexicano,7
rock-and-roll,7
instrumental black metal,7
wandelweiser,7
rap liegeois,7
faroese jazz,7
siberian folk,7
rap gaucho,7
metal balear,7
luxembourgian metal,7
bury st edmunds indie,7
irish trap,7
epic black metal,7
rap pernambucano,7
australian trap,7
musica feirense,7
botswana pop,7
whale song,7
bikutsi,7
art rock,7
malawian folk,7
alternative emo,7
nu metal,7
christian symphonic metal,7
organetto,7
outlaw country,7
chinese post-rock,7
japanese contemporary classical,7
brazilian doom metal,7
power pop,7
new delhi indie,7
art pop,7
musica maringaense,7
blackened deathcore,7
folclore portugues,7
nu gaze,7
coco,7
swedish garage rock,7
liechtenstein,7
finnish power metal,7
classical,7
armenian hip hop,7
dance rock,7
double drumming,7
italian emo,7
khmer,7
deep folk metal,7
minimalism,7
musique traditionnelle congolaise,7
polish folk metal,7
indie poblano,7
scream rap,7
chinese post-punk,7
korean contemporary classical,6
sinogaze,6
inuit traditional,6
bhutanese pop,6
symphonic black metal,6
school choir,6
rap sergipano,6
acousmatic,6
garage rock,6
free jazz,6
southern hip hop,6
thrash core,6
sufi,6
northeast indian hip hop,6
gangster rap,6
tolkien metal,6
musique touareg,6
chinese indie pop,6
avant-garde,6
nordic folk,6
industrial,6
skate punk,6
afropop,6
german opera,6
rap conscient,6
drone,6
australian thrash metal,6
slavic folk metal,6
bogor indie,6
iowa hip hop,6
indonesian experimental,6
folk black metal,6
grunge argentina,6
dance-punk,6
korean experimental,6
rap mocambicana,6
neo mellow,6
tropical,6
santa fe indie,6
lithuanian folk,6
jugendchor,6
marcha funebre,6
free improvisation,6
new orleans blues,6
georgian electronic,6
kentucky hip hop,6
jazz blues,6
bass music,6
post-punk colombiano,6
trouvere,6
botswanan pop,6
new wave,6
metal nortista,6
caribbean metal,6
country road,6
tar,6
british grindcore,6
maltese metal,6
ghanaian traditional,6
musica indigena mexicana,6
cameroonian hip hop,6
hakkapop,6
cifteli,6
peruvian death metal,6
tajik traditional,6
minecraft,6
yemeni traditional,6
hangpan,6
rap paraense,6
gotico brasileiro,6
funk consciente,6
swazi pop,6
reggaeton,6
pune indie,6
kelowna bc indie,6
oaxaca indie,6
trecento,5
southern china indie,5
blues rock,5
ringtone,5
tropicalia,5
hindustani classical,5
oc rap,5
montana metal,5
dark wave,5
kurdish hip hop,5
korean hardcore,5
noise pop,5
rock en espanol,5
rap alagoano,5
cameroonian pop,5
troubadour,5
kenyan traditional,5
indie sudcaliforniano,5
dutch metal,5
experimental rock,5
hard rock mexicano,5
gay chorus,5
rock cristao fluminense,5
industrial rock,5
moorish traditional,5
tamaulipas indie,5
rap nortista,5
gothic metal,5
rwandan traditional,5
metal,5
marathi hip hop,5
bisrock,5
miami metal,5
swiss black metal,5
intelligent dance music,5
post-grunge,5
new rave,5
manguebeat,5
regional mexican,5
symphonic melodic death metal,5
hawaiian punk,5
cuban electronic,5
rochester mn indie,5
roots rock,5
rap guarulhense,5
speed metal,5
musica ayacuchana,5
tanzanian pop,5
georgian polyphony,4
progressive rock,4
marimba orquesta,4
indie campechano,4
carnatic vocal,4
groove metal,4
technical black metal,4
metal cristao,4
peruvian experimental,4
sesotho pop,4
mindfulness,4
cool jazz,4
post-rock,4
doom metal,4
burundian traditional,4
japanese orchestra,4
blues,4
draaiorgel,4
folk metal,4
soul,4
classic rock,4
utapri,4
sound effects,4
acoustic blues,4
viking black metal,4
umea hardcore,4
voidgrind,4
hindustani vocal,4
hard rock,4
dream pop,4
swedish trap,4
myanmar indie,4
rap metal,4
indie trujillano,4
protopunk,4
quiet storm,4
lesotho traditional,4
tatar folk,3
korean worship,3
deathgrind,3
cascadian black metal,3
shoegaze,3
sludge metal,3
bruneian pop,3
stoner metal,3
balkan folk metal,3
sung poetry,3
experimental,3
chhattisgarhi pop,3
wuhan indie,3
icelandic black metal,3
massage,3
symphonic rock,3
punta rock,3
malian blues,3
punk,3
world,3
buffalo hip hop,3
svensk progg,3
rap potiguar,3
electronica,3
musica ponta-grossense,3
burkinabe traditional,3
polyphonies corses,3
medimeisterschaften,3
vanuatu music,3
indie tabasqueno,3
rune folk,3
indian ambient,3
scam rap,3
louisiana blues,2
javanese dangdut,2
irish death metal,2
funk mexicano,2
jazz,2
baltic black metal,2
power metal,2
indie hidalguense,2
dombra,2
black metal,2
folk rock,2
mellow gold,2
karaoke,2
musica puntana,2
baltic folk,2
latin rock,2
mazandarani folk,2
musica timor-leste,2
pop,2
crunk,2
reggae,2
antideutsche,2
new romantic,2
kosovan folk,2
baluchi folk,2
ska,2
dirty south rap,2
alternative dance,2
brutal death metal,2
new weird america,1
emo,1
east coast hip hop,1
viking metal,1
mainland se asia metal,1
irish black metal,1
metal baiano,1
death metal,1
brostep,1
sierreno,1
latin,1
country,1
bohol indie,1
singer-songwriter,1
r&b,1
kazakh traditional,1
trio batak,1
albanian iso polyphony,1
himene tarava,1
myanmar hip hop,1
indonesian deathcore,1
thrash metal,1
